url,index,label
https://tinyurl.com/23x347a4,0,1
https://tinyurl.com/264axhus,1,1
https://tinyurl.com/2crgshqy,2,1
https://tinyurl.com/2bzgf5dh,3,1
https://tinyurl.com/2ymmoj6y,4,1
https://tinyurl.com/2449chb6,5,1
https://tinyurl.com/2blgg3uu,6,1
https://tinyurl.com/22sn4xy5,7,1
https://tinyurl.com/23qzn8f2,8,1
https://tinyurl.com/2cr2nmnz,9,1
https://tinyurl.com/2b8l2jmc,10,1
https://tinyurl.com/28rmlukv,11,1
http://digitalvirgil.co.uk/pvs/1991/index.php?email=jose@monkey.org&amp;jose@monkey.org&amp;,12,1
https://tinyurl.com/2xjy5roj,13,1
https://tinyurl.com/24dummy3,14,1
https://tinyurl.com/p2voxup,15,1
https://tinyurl.com/23zkwh23,16,1
https://tinyurl.com/23gud3p5,17,1
https://tinyurl.com/2bunldzb,18,1
https://tinyurl.com/2cqegdjr,19,1
https://tinyurl.com/2a4wgs7u,20,1
https://tinyurl.com/2xtos3kn,21,1
https://tinyurl.com/27dvl6e3,22,1
https://tinyurl.com/25shx3cu,23,1
https://tinyurl.com/2cf9m9l7,24,1
https://tinyurl.com/225p8gx7,25,1
https://domainupgrade.5gbfree.com/admin/index.php?email=jose@monkey.org,26,1
https://tinyurl.com/2b8uqzbn,27,1
https://tinyurl.com/29akovyw,28,1
https://tinyurl.com/29pktnmv,29,1
https://tinyurl.com/klheovw,30,1
https://tinyurl.com/2afprlp4,31,1
https://cl.s13.exct.net/?qs=595d3623f95670908a11ee28c121e2d06c945eb040d6e45a2657f72d26eb7985fa65c1fb39ba9579994dbb4bc9f627c6,32,1
https://tinyurl.com/22ekuf68,33,1
https://tinyurl.com/2d4xoq2q,34,1
https://tinyurl.com/2yru5anv,35,1
https://davidm435.000webhostapp.com/update%20linkidin/New%20linkedin/linkedin/login.php?rand=13InboxLightaspxn.1774256418&amp;fid.4.1252899642&amp;fid=1&amp;fav.1&amp;rand.13InboxLight.aspxn.1774256418&amp;fid.1252899642&amp;fid.1&amp;fav.1&amp;email=&amp;.rand=13InboxLight.aspx?n=1774256418&amp;fid=4#n=1252899642&amp;fid=1&amp;fav=1,36,1
https://roundsk333qwertyuioplkjhfgdsazxcvbnmlswdfghejkliamnbdsgwhyli.eu-gb.cf.appdomain.cloud/?email=jose@monkey.org,37,1
https://tinyurl.com/25x2t2xp,38,1
https://tinyurl.com/2yqknpgg,39,1
https://tinyurl.com/25scj6wp,40,1
https://tinyurl.com/24ycx3et,41,1
https://tinyurl.com/248hvs7x,42,1
https://tinyurl.com/23hho6ws,43,1
https://tinyurl.com/293xlb7c,44,1
https://tinyurl.com/246rceu2,45,1
https://tinyurl.com/2yxc75cq,46,1
https://tinyurl.com/2yh2vban,47,1
https://96960b2a-4691-454c-aedf-8256639f382f.htmlpasta.com/,48,1
https://tinyurl.com/2xjy5roj,49,1
https://tinyurl.com/26tzqzge,50,1
https://tinyurl.com/2cfynmnv,51,1
https://tinyurl.com/2bhrbndp,52,1
https://tinyurl.com/2ctdl686,53,1
https://tinyurl.com/2crnypv8,54,1
https://tinyurl.com/2ycjddhk,55,1
https://tinyurl.com/2ax8xahz,56,1
https://tinyurl.com/28nca8x2,57,1
https://tinyurl.com/226jmx95,58,1
https://tinyurl.com/28l7zwkl,59,1
https://tinyurl.com/2tpsrr,60,1
https://tinyurl.com/266kvyfg,61,1
https://tinyurl.com/274gh9td,62,1
https://tinyurl.com/27agj6v6,63,1
https://tinyurl.com/2b8r8rrj,64,1
https://tinyurl.com/3daue4p,65,1
https://tinyurl.com/2ypxm2nm,66,1
https://tinyurl.com/252ujv8w,67,1
https://tinyurl.com/3daue4p,68,1
https://tinyurl.com/2452xms2,69,1
https://tinyurl.com/22cc6zfu,70,1
https://tinyurl.com/2cux33js,71,1
https://tinyurl.com/2cosatny,72,1
https://tinyurl.com/hq5bdkn,73,1
https://tinyurl.com/2y8f7wyv,74,1
https://tinyurl.com/2dm9payf,75,1
https://goo.gl/xxg02r,76,1
https://googleweblight.com/i?u=https://pub-2706efed16964385810567666db85f2f.r2.dev/JAJS026.html#jose@monkey.org,77,1
https://tinyurl.com/2xkxte9n,78,1
https://tinyurl.com/2bh4c2hw,79,1
https://tinyurl.com/pgs4ebv,80,1
https://tinyurl.com/2d8bwljn,81,1
https://tinyurl.com/26tzqzge,82,1
https://tinyurl.com/23srsd7l,83,1
https://tinyurl.com/26t9vpn4,84,1
https://tinyurl.com/297fdu8d,85,1
https://tinyurl.com/62u247,86,1
http://http://beentheredinethat.com/wp-includes/images/wlw/blessing.html,87,1
https://tinyurl.com/23gdjoyj,88,1
https://tinyurl.com/22xhrofa,89,1
https://tinyurl.com/2yxvm2of,90,1
https://tinyurl.com/23rzdsx6,91,1
https://tinyurl.com/2379w4v9,92,1
http://www.bikesandmore.cl/wp-admin/jps/tope/index.php?email=jose@monkey.org,93,1
https://tinyurl.com/2cdryg8z,94,1
https://tinyurl.com/2xosygl5,95,1
https://ipfs.io/ipfs/QmNmagLzoGk6LYaAFaqFjJqfsBqxQmtdwSYyKiS2fTqoCf?filename=webauto.html#jose@monkey.org,96,1
https://tinyurl.com/25aal42b,97,1
https://tinyurl.com/25t63zcm,98,1
https://tinyurl.com/2yg9dwuq,99,1
