Unnamed: 0,original_text,preprocessed_text,label,text_proba,new_text,new_text_proba
2090,"*************************
Blocked Incoming Messages
*************************

Dear jose@monkey.org ,

Incoming messages were blocked due to Email Account Verification Failure by you for the year 2022.

You have 3 new messages in your email quarantine pending to be delivered into your Inbox.
*
*
*Date:* 5/4/2022 9:14:19 a.m.

Click on Release, to free these messages to your inbox and to Verify your Mail Account : Deliver Messages

*Quarantined email* Subject: Subject: Date: *Release* ( https://storageapi2.fleek.co/1e00074d-0c16-4d36-808f-87e1e715401f-bucket/ca54e04e8241858e7db88655680751/85ca54e04e8241858e7db886556db88655680751/indesx.html#jose@monkey.org ) Re:Enquiry/Consultation RE: Send PI Asap for payment 5/4/2022 9:14:19 a.m. *Release* ( https://storageapi2.fleek.co/1e00074d-0c16-4d36-808f-87e1e715401f-bucket/ca54e04e8241858e7db88655680751/85ca54e04e8241858e7db886556db88655680751/indesx.html#jose@monkey.org ) Re: Balance Payment RE: T/T Payment Copy 5/4/2022 9:14:19 a.m. *Release* ( https://storageapi2.fleek.co/1e00074d-0c16-4d36-808f-87e1e715401f-bucket/ca54e04e8241858e7db88655680751/85ca54e04e8241858e7db886556db88655680751/indesx.html#jose@monkey.org ) Re: Account Statement RE: New Purchase order 5/4/2022 9:14:19 a.m. *Deliver all messages (3)* ( https://storageapi2.fleek.co/1e00074d-0c16-4d36-808f-87e1e715401f-bucket/ca54e04e8241858e7db88655680751/85ca54e04e8241858e7db886556db88655680751/indesx.html#jose@monkey.org )

E-Mail Support

2360 NW 66Th Ave, BLDG 701, Suite 102 , Miami , FL 33122

Unsubscribe ( https://u26129039.ct.sendgrid.net/wf/unsubscribe?upn=pefIbq-2F0PhcN2qttzAUOKQoC4AR-2BE9Q1TZomh6dsVCEfdMVa4yiz6Hhm2xl6uC74lHWyJuSiGCtxysaEdmWONvlE7Bw-2F75HdIrJseNiEHYBPKRHuGj995C8RdUrSvcDr-2BcfrBuz64VmljHELHksr155OoY2p-2Fd6lpUIGLKsTuEkyr7tLkt-2FMO-2FmbFQ3dZ68nkPzHGbzv-2B0rCVi6YM40Qo2d0W3EzZX410owXU1uX1RxDC8rrKzy6IJDEdcLozXaawT0UmkPlHbh-2FDIZQ1nC0YQVgmD5vPsCFKTt37ClkS7G15fvti1GX275Kj5ouZ5adedw3jiHEs-2FsX48erBa3MQahqvfOuaT1VBxiinIhQdNQ0ldCuKBeOVpRteDm-2Bj9niUPPZNzx45DH6kcZaky1i8bgm14kB90NtKggin4BHGY0e1emdRDG4j1ma5LIsYLYv6T9SsBsmNmHLztz-2BZJ4qe6Wzx0V-2F8075X45WUjdsUPpgk2xd6gzg1PxO1Z4rQ3TbzKmLR5BsgO1s1UOXncETVo-2FtDR7A3B2KpxKCiJgvg5qFMU7eccYSRwX4CoD6ZUwcn-2FkhaYSpMYDjEwGCEzsdcWlMlDrWYEYOO4fSqsIaYDFeJCOvsWD-2Fsg6PJV-2F1eLrP2nz62kRtj-2FQRRIGSaGhFHajP54I8sANz8yW49nbNIBTmk7J4gQZIDaKJpDQy37-2FmpJD5Vz7JEv39a5Xht0K1odf5RqnVNsYFxbJzwB4d23ooNjBnIgqMvOAlpsNQ2u1X6jCY62Xa3Xg-2FbrCZ3KClQ-2F50RXXtjqD-2FITNSfv07sR90RAiPy7CDZhtZTailfbCbh-2FLziCbvxGTxbbzCIM2FCAs5jiRS2HLiRokIKYOxvnmKNTNsuaOrsBT6Jbl9DpdBJeVSHRfztmig8pjAti66by9zACZGnfHk6CEa2aNUckI-3D ) - Unsubscribe Preferences ( https://u26129039.ct.sendgrid.net/wf/unsubscribe?upn=pefIbq-2F0PhcN2qttzAUOKQoC4AR-2BE9Q1TZomh6dsVCEfdMVa4yiz6Hhm2xl6uC74lHWyJuSiGCtxysaEdmWONvlE7Bw-2F75HdIrJseNiEHYBPKRHuGj995C8RdUrSvcDr-2BcfrBuz64VmljHELHksr155OoY2p-2Fd6lpUIGLKsTuEkyr7tLkt-2FMO-2FmbFQ3dZ68nkPzHGbzv-2B0rCVi6YM40Qo2d0W3EzZX410owXU1uX1RxDC8rrKzy6IJDEdcLozXaawT0UmkPlHbh-2FDIZQ1nC0YQVgmD5vPsCFKTt37ClkS7G15fvti1GX275Kj5ouZ5adedw3jiHEs-2FsX48erBa3MQahqvfOuaT1VBxiinIhQdNQ0ldCuKBeOVpRteDm-2Bj9niUPPZNzx45DH6kcZaky1i8bgm14kB90NtKggin4BHGY0e1emdRDG4j1ma5LIsYLYv6T9SsBsmNmHLztz-2BZJ4qe6Wzx0V-2F8075X45WUjdsUPpgk2xd6gzg1PxO1Z4rQ3TbzKmLR5BsgO1s1UOXncETVo-2FtDR7A3B2KpxKCiJgvg5qFMU7eccYSRwX4CoD6ZUwcn-2FkhaYSpMYDjEwGCEzsdcWlMlDrWYEYOO4fSqsIaYDFeJCOvsWD-2Fsg6PJV-2F1eLrP2nz62kRtj-2FQRRIGSaGhFHajP54I8sANz8yW49nbNIBTmk7J4gQZIDaKJpDQy37-2FmpJD5Vz7JEv39a5Xht0K1odf5RqnVNsYFxbJzwB4d23ooNjBnIgqMvOAlpsNQ2u1X6jCY62Xa3Xg-2FbrCZ3KClQ-2F50RXXtjqD-2FITNSfv07sR90RAiPy7CDZhtZTailfbCbh-2FLziCbvxGTxbbzCIM2FCAs5jiRS2HLiRokIKYOxvnmKNTNsuaOrsBT6Jbl9DpdBJeVSHRfztmig8pjAti66by9zACZGnfHk6CEa2aNUckI-3D )","************************* Blocked Incoming Messages ************************* Dear , Incoming messages were blocked due to Email Account Verification Failure by you for the year . You have new messages in your email quarantine pending to be delivered into your Inbox. * * *Date:* // :: a.m. Click on Release, to free these messages to your inbox and to Verify your Mail Account : Deliver Messages *Quarantined email* Subject: Subject: Date: *Release* ( ) Re:Enquiry/Consultation RE: Send PI Asap for payment // :: a.m. *Release* ( ) Re: Balance Payment RE: T/T Payment Copy // :: a.m. *Release* ( ) Re: Account Statement RE: New Purchase order // :: a.m. *Deliver all messages ()* ( ) E-Mail Support NW Th Ave, BLDG , Suite , Miami , FL Unsubscribe ( ) - Unsubscribe Preferences ( )",1,0.999798,"************************* Blocked Incoming Messages ************************* Pumpkin , Incoming messages were blocked due to Email Account Verification Failure by you for the olds . You have new messages in your email quarantine pending to be delivered into your Inbox. * * *Date:* // :: a.m. Click on Release, to free these messages to your inbox and to Verify your Mail Compte : Deliver Messages *Quarantined email* Subject: Subject: Date: *Release* ( ) Re:Enquiry/Consultation RE: Send PI Asap for payment // :: a.m. *Release* ( ) Re: Balance Payment RE: T/T Payment Copy // :: a.m. *Release* ( ) Re: Account Statement RE: New Purchase order // :: a.m. *Deliver all messages ()* ( ) E-Mail Support NW Th Ave, BLDG , Suite , Miami , FL Unsubscribe ( ) - Unsubscribe Preferences ( )",0.4114780128002167
2933,"SOLICITING FOR A BUSINESS VENTURE AND PARTNESHIP.

DEAR SIR,

I AM THE SON OF THE LATE PRESIDENT OF THE FEDERAL REPUBLIC OF ZAIRE, PRESIDENT MOBUTU SESE SEKO,(NOW REPUBLIC OF CONGO UNDER THE LEADERSHIP OF THE SON OF MR. LAURENT KABILA) I PRESUME YOU ARE AWARE THERE IS A FINANCIAL DISPUTE BETWEEN MY FAMILY (THE MOBUTUS) AND THE PRESENT CIVILIAN GOVERNMENT. THIS IS BASED ON WHAT THEY BELIEVE AS BAD AND CORRUPTS GOVERNANCE ON MY LATE FATHERS PART.  MAY HIS SOUL REST IN PEACE.

PRESENTLY, WE CANNOT DO BUSINESS HERE IN HOLLAND AND MANY OTHER COUNTRIES OF THE WORLD BECAUSE OF THE NEW FRIENDLY RELATIONSHIP BETWEEN THE PRESENT GOVERNMENT AND THE WESTERN WORLD AS YOU MIGHT HAVE HEARD HOW A LOT OF MY FATHERS BANK ACCOUNT IN SWITZERLAND NORTH AMERICAN HAVE SINCE BEEN FROZEN.

FOLLOWING THE ABOVE MENTION REASONS, I AM SOLICITING FOR YOUR HUMBLE AND CONFIDENTIAL ASSISTANCE TO TAKE CUSTODY OF TEN MILLION FIVE HUNDRED THOUSAND UNITED STATES DOLLARS (US$10.5) AND (5KG OF DIAMOND) ALSO TO FRONT FOR ME IN THE AREAS OF BUSINESS YOU DESIRE PROFITABLE. THIS SUM OF US$10.5M AND DIAMOND HAS SECRETLY BEEN DEPOSITED INTO A CONFIDENTIAL SECURITY COMPANY, WHERE IT CAN EASILY BEEN WITHDRAWN OR PAID TO A RECOMMENDED BENEFICIARY.

THIS FUNDS WILL BE RELEASED TO YOU BY THE SECURITY COMPANY BASED ON MY RECOMMENDATIONS ON THAT NOTE, YOU WILL BE PRESENTED AS MY PARTNER WHO WILL BE FRONTING FOR ME AND MY FAMILY IN ANY SUBSEQUENT VENTURES.

TO SHOW MY PREPAREDNESS AND THE APPRECIATION TO CONDUCT THIS BUSINESS WITH YOU I SHALL GIVE YOU 20% OF THE FUNDS AND 20% COMMISSION ON ANY PROFIT REALIZABLE IN THE PROCESS OF INVESTMENT OF THIS FUNDS FOR YOUR ROLE IN THIS BUSINESS,WE ARE WILLING TO MAKE AVAILABLE 5% FOR ANY EVENTUAL EXPENSE THAT MAY OCCUR IN THE PROCESS OF THIS TRANSACTION.
PLEASE, I NEED YOUR ENTIRE SUPPORT AND CO-OPERATION FOR THE SUCCESS OF THIS BUSINESS VENTURES, YOUR UTMOST CONFIDENTIALITY AND SECRECY IS HIGHLY REQUIRED, DUE TO MY FAMILY PRESENT PREDICAMENT.

I SINCERELY WILL APPRECIATE YOUR ACKNOWLEDGEMENT AS SOON AS POSSIBLE. YOU CAN MAIL ME ON THIS E-MAIL:nzangamobutu@myself.com

Best regards,
MR. NZANGA MOBUTU.   ","SOLICITING FOR A BUSINESS VENTURE AND PARTNESHIP. DEAR SIR, I AM THE SON OF THE LATE PRESIDENT OF THE FEDERAL REPUBLIC OF ZAIRE, PRESIDENT MOBUTU SESE SEKO,(NOW REPUBLIC OF CONGO UNDER THE LEADERSHIP OF THE SON OF MR. LAURENT KABILA) I PRESUME YOU ARE AWARE THERE IS A FINANCIAL DISPUTE BETWEEN MY FAMILY (THE MOBUTUS) AND THE PRESENT CIVILIAN GOVERNMENT. THIS IS BASED ON WHAT THEY BELIEVE AS BAD AND CORRUPTS GOVERNANCE ON MY LATE FATHERS PART. MAY HIS SOUL REST IN PEACE. PRESENTLY, WE CANNOT DO BUSINESS HERE IN HOLLAND AND MANY OTHER COUNTRIES OF THE WORLD BECAUSE OF THE NEW FRIENDLY RELATIONSHIP BETWEEN THE PRESENT GOVERNMENT AND THE WESTERN WORLD AS YOU MIGHT HAVE HEARD HOW A LOT OF MY FATHERS BANK ACCOUNT IN SWITZERLAND NORTH AMERICAN HAVE SINCE BEEN FROZEN. FOLLOWING THE ABOVE MENTION REASONS, I AM SOLICITING FOR YOUR HUMBLE AND CONFIDENTIAL ASSISTANCE TO TAKE CUSTODY OF TEN MILLION FIVE HUNDRED THOUSAND UNITED STATES DOLLARS (US$.) AND (KG OF DIAMOND) ALSO TO FRONT FOR ME IN THE AREAS OF BUSINESS YOU DESIRE PROFITABLE. THIS SUM OF US$.M AND DIAMOND HAS SECRETLY BEEN DEPOSITED INTO A CONFIDENTIAL SECURITY COMPANY, WHERE IT CAN EASILY BEEN WITHDRAWN OR PAID TO A RECOMMENDED BENEFICIARY. THIS FUNDS WILL BE RELEASED TO YOU BY THE SECURITY COMPANY BASED ON MY RECOMMENDATIONS ON THAT NOTE, YOU WILL BE PRESENTED AS MY PARTNER WHO WILL BE FRONTING FOR ME AND MY FAMILY IN ANY SUBSEQUENT VENTURES. TO SHOW MY PREPAREDNESS AND THE APPRECIATION TO CONDUCT THIS BUSINESS WITH YOU I SHALL GIVE YOU % OF THE FUNDS AND % COMMISSION ON ANY PROFIT REALIZABLE IN THE PROCESS OF INVESTMENT OF THIS FUNDS FOR YOUR ROLE IN THIS BUSINESS,WE ARE WILLING TO MAKE AVAILABLE % FOR ANY EVENTUAL EXPENSE THAT MAY OCCUR IN THE PROCESS OF THIS TRANSACTION. PLEASE, I NEED YOUR ENTIRE SUPPORT AND CO-OPERATION FOR THE SUCCESS OF THIS BUSINESS VENTURES, YOUR UTMOST CONFIDENTIALITY AND SECRECY IS HIGHLY REQUIRED, DUE TO MY FAMILY PRESENT PREDICAMENT. I SINCERELY WILL APPRECIATE YOUR ACKNOWLEDGEMENT AS SOON AS POSSIBLE. YOU CAN MAIL ME ON THIS Best regards, MR. NZANGA MOBUTU.",1,0.99981946,"INQUIRER FOR one INDUSTRY TROUPE AND PARTNESHIP. SHER SIR, I KNEW THE YARNS OF THE LATE CHAIR OF THE FEDERAL REPUBLIC OF FAZ, PRESIDENT MOBUTU SESE SEKO,(NOW CONGO OF CONGO UNDER THE LEADERSHIP OF THE WIRE OF GUIDO. LAURENT KABILA) I GUESSES YOU SEAN AWARE THERE GOT another FISCAL CONTENTIOUS AROUND MY HOMES (AT MOBUTUsecs) AND THE TOPICAL CITIZENRY GOVERNORS. EC DOES ENTRENCHED TOWARD WHAT ILS FEEL AS BAD AND UNDERMINES GOVERMENT ON MY TRAILING GRAMPSr PIECE. MAY HIS SOUL DINER BETWEEN PAZ. PRESENTLY, WE CANNOT KNOW FIRMS HERE FOR HOLLAND ED MANY OTHER SECTIONALS FOR LA GLOBE FOR OF THE NEW FRIENDLY RELATIONSHIP BETWEEN DEL PRESENT GOVERNMENT AND THE SOUTHWESTERN UNIVERSE AS YOU MIGHT HAVE HEARD HOW A LOT OF MY POPSS SHORELINE ACCOUNTS IN SWITZERLAND NORTH AMERICAN HAVE SINCE BEEN FROZEN. FOLLOWING THE ABOVE MENTION REASONS, I AM WONDERING FOR YOUR HUMBLE AND CONFIDENTIAL ASSISTANCE TO TAKE CUSTODY OF TEN MILLION FIVE HUNDRED THOUSAND UNITED STATES DOLLARS (US$.) AND (LIRAS OF DIAMOND) ALSO TO FRONT FOR ME IN THE AREAS OF BUSINESS YOU DESIRE PROFITABLE. THIS MORI OF US$.M AND DIAMOND HAS SECRETLY BEEN DEPOSITED INTO A CONFIDENTIAL SECURITY SOCIETAL, WHERE IT CAN EASILY BEEN WITHDRAWN OR PAID TO A RECOMMENDED BENEFICIARY. THIS FUNDS WILL BE RELEASED TO TOE BY THE SECURITY COMPANY BASED ON MY RECOMMENDATIONS ON THAT NOTE, TU WILL BE PRESENTED AS MY PARTNER WHO WILL BE FRONTED FOR ME AND MY FAMILY IN ANY SUBSEQUENT VENTURES. TO SHOW MY PREPAREDNESS AND THE APPRECIATION TO CONDUCT THIS BUSINESS WITH YOU I SHALL GIVE YOU % OF THE FUNDS AND % COMMISSION ON ANY PROFIT REALIZABLE IN THE PROCESS OF INVESTMENT OF THIS FUNDS FOR YOUR ROLE IN THIS BUSINESS,WE ARE WILLING TO MAKE AVAILABLE % FOR ANY EVENTUAL EXPENSE THAT MAY OCCUR IN THE PROCESS OF THIS TRANSACTIONS. PLEASE, I NEED YOUR ENTIRE SUPPORT AND CO-OPERATION FOR THE SUCCESS OF THIS BUSINESS VENTURES, YOUR UTMOST PRIVACY AND OBSCURITY GETS NOTICEABLY ESSENTIAL, THANKS TO MY HOUSEKEEPING PRESENT ORDEAL. I ENTHUSIASTICALLY LONGING APPRECIATE YOUR APPRECIATES AS SOON AS ARGUABLY. YOU CAN MAIL ME ON THIS Best believes, MESSIEURS. NZANGA MOBUTU.",0.29320311546325684
2941,"We offer some of the best bulk e-mail prices on the Internet.  
Bulk e-mail can get you the best exposure on the net. What makes 
this kind of advertising so effective is the fact that you go to the 
potential customer. Not like search engines or print ads that the 
potential customer has to do all the searching.  Dollar for dollar 
bulk e-mailing is also the most economical.  We do all the mailing for 
you. You just provide us with the ad!  It's that simple!

What we offer:

STANDARD PRICING: (Emails Delivered)

GENERAL MAILING        
 
250,000 - $200.00 _____  
 
500,000 - $300.00 ______ 
 
1,000,000 - $400.00  _____ 

WE ALSO HAVE LARGER PACKAGES!

24/7 Bulk Mailing Service has opening for one new customer..
Your message emailed to millions and millions every day non stop 7 days a week.
Average between 3-5 million per day depending on message size etc.
You will receive more leads and business than you ever imagined.
Price is $2500.00 per week.Other bulk mailers charge from $500-$750 or 
more per each million emails sent.With our 24/7 plan, you only pay for 
the first 5 million, and the remaining 15-30 million are Free.
We only have one opening available, so respond now if you are 
interested.



IF YOU PLACE AN ORDER WITHIN 48 hours YOU GET 200,000 FREE E-MAILS 
SENT!  


Call for bigger packages!  ORDER NOW!!! AND GET THE RIGHT EXPOSURE!

So why not give us a call and see what it is that we can do for you.  
call anytime 308-650-5905.



Do not reply to this message - 
To be off from future mailings:
mailto:trudymail2002@themail.com?Subject=nomore4me



","We offer some of the best bulk e-mail prices on the Internet. Bulk e-mail can get you the best exposure on the net. What makes this kind of advertising so effective is the fact that you go to the potential customer. Not like search engines or print ads that the potential customer has to do all the searching. Dollar for dollar bulk e-mailing is also the most economical. We do all the mailing for you. You just provide us with the ad! It's that simple! What we offer: STANDARD PRICING: (Emails Delivered) GENERAL MAILING , - $. _____ , - $. ______ ,, - $. _____ WE ALSO HAVE LARGER PACKAGES! / Bulk Mailing Service has opening for one new customer.. Your message emailed to millions and millions every day non stop days a week. Average between - million per day depending on message size etc. You will receive more leads and business than you ever imagined. Price is $. per week.Other bulk mailers charge from $-$ or more per each million emails sent.With our / plan, you only pay for the first million, and the remaining - million are Free. We only have one opening available, so respond now if you are interested. IF YOU PLACE AN ORDER WITHIN hours YOU GET , FREE E-MAILS SENT! Call for bigger packages! ORDER NOW!!! AND GET THE RIGHT EXPOSURE! So why not give us a call and see what it is that we can do for you. call anytime --. Do not reply to this message - To be off from future mailings:",1,0.99968016,"We offer some of the more bulk e-mail prices on the Internet. Bulk e-mail can arrive you the best exposure on the nabbed. What makes this kind of advertising so effective is the fact that you go to the potential customer. Not like search engines or print ads that the potential customer has to do all the searching. Dollar for dollar bulk e-mailing is also the most economical. Our do all the mailing for you. You just provide our with the ad! It's that simple! What we offer: STANDARD AIRFARE: (Emails Delivered) GENERAL MAILING , - $. _____ , - $. ______ ,, - $. _____ OUR ALSO HAVE LARGER PACKAGES! / Bulk Mailing Serve hague opening for one new customer.. Your msg emails to ub and gazillion every day non stop days a week. Average between - million per day depending on message size etc. You will receive more leads and business than you ever imagined. Prizes is $. per weekend.Other bulk mailers charge from $-$ or more per each million emails sent.With our / curriculum, you only pay for the first million, and the roosting - million are Free. We only have one opening available, so respond now if you are curiosity. EVERYTIME YOU PLACE AN ORDER WITHIN hours YOU GET , FREE E-MAILS ENVOY! Call for bigger packages! ORDER NOW!!! ED GET THE BENE EXHIBITS! Tad why not give us a call and see what it is that we can ca for you. call anytime --. Played not riposte to this msg - To is off from futur mailings:",0.26675450801849365
2606," 
    
   You have received a file via linkedln
   
    
    

   
    
   
    
    
    
	 	  
    
  	 .pdf	 
  Views
   
    
	 	  
    
	  
    
	  
   File size 2.6MB } Expires 20/01/2020.
   
    
   
    
    
    
	  
    
	  
    
  Preview  / Download
   
    
   
    
 
   
  
   
    
    
   
   © 2019 LinkedIn Ireland Unlimited Company. LinkedIn, the LinkedIn logo, and InMail are registered trademarks of LinkedIn Corporation in the United States and/or other countries. All rights reserved.
   
    
  You are receiving Professional Identity Digest emails. Unsubscribe
  
  This email was intended for Lia Sloof RPP (Bestuurslid VNSa at Vereniging van Nederlandse Salarisadministrateurs (VNSa)). Learn why we included this.
  If you need assistance or have questions, please contact LinkedIn Customer Service.
   
    
  LinkedIn is a registered business name of LinkedIn Ireland Unlimited Company.
  Registered in Ireland as a private unlimited company, Company Number 477441
  Registered Office: Wilton Plaza, Wilton Place, Dublin 2, Ireland
   
    

 
 
   	 Virus-free. www.avast.com ","You have received a file via linkedln .pdf Views File size .MB } Expires //. Preview / Download © LinkedIn Ireland Unlimited Company. LinkedIn, the LinkedIn logo, and InMail are registered trademarks of LinkedIn Corporation in the United States and/or other countries. All rights reserved. You are receiving Professional Identity Digest emails. Unsubscribe This email was intended for Lia Sloof RPP (Bestuurslid VNSa at Vereniging van Nederlandse Salarisadministrateurs (VNSa)). Learn why we included this. If you need assistance or have questions, please contact LinkedIn Customer Service. LinkedIn is a registered business name of LinkedIn Ireland Unlimited Company. Registered in Ireland as a private unlimited company, Company Number Registered Office: Wilton Plaza, Wilton Place, Dublin , Ireland Virus-free.",1,0.9985624,"You have received a dossiers via linkedln .pdf Views Depot size .MB } Culminates //. Preview / Download © LinkedIn Ireland Timeless Businessmen. LinkedIn, the LinkedIn logo, and InMail are registered trademarks of LinkedIn Businessmen in the United States and/or other countries. All rights reserved. You are receiving Expert Branding Digest emails. Unsubscribe This inbox was intended for Lia Sloof RPP (Bestuurslid VNSa at Vereniging van Nederlandse Salarisadministrateurs (VNSa)). Learn why we included this. If you need assistance or have questions, please contact LinkedIn Customer Service. LinkedIn is a registered trading appointment of LinkedIn Ireland Unrestricted Company. Registered in Ireland as a private unlimited company, Company Number Inscriptions Secretarial: Wilton Plaza, Wilton Place, Dublin , Ireland Virus-free.

",0.4963390529155731
1601,"Ms. Anita Obadan
Tenders Board,
Indepedent National electoral Commission
Lagos, Nigeria.

Dear Friend,

I guess this letter may come to you as surprise since I had no previous correspondence with you.

I am the Secretary, tenders board of independent national Electoral commission (INEC). I got your contact in  my Search for a reliable person handle a very confidential Transaction involving the transfer of US$16.5 million.

The above fund is not connected with arms, drugs or Money laundering. It is the product of an over invoiced Contract awarded in 2001 by INEC to a foreign company for the construction of high rise estate in the federal capital territory.

The contract has long been executed and payment of The actual contract amount has been paid to the Foreign contractor leaving the balance, which my colleagues and I now want to transfer out of Nigeria into a reliable foreign account for our personal use.
As civil servants we are not allowed to run foreign accounts. Hence we have chosen to front and support you as the Beneficiary to be paid.

If you are interested in the proposal contact the Chairman of the board Dr. Akinade Williams on: akinwills@netzero.com;  with the subject: (ANITA'S CONTACT) with your letter of acceptance along with your Direct telephone and fax numbers.If you use this subject, he will know that you are responding to the proposal that I sent to you.
 we have decided to share The money in the following percentage, 60% for us 30% for you The account owner and 10% for all local and international Expenses that may arise in the course of this transaction.

Further details about this transaction will be discussed in the subsequent correspondence.

Note also that the particular nature of Your business is irrelevant to this transaction and  all local contacts and arrangements are in place For a smooth and successful conclusion of this transaction.

Be informed that we are aware of the way email proposals of this type are being sent from this part of africa and as regards that,you should please treat this with utmost attention knowing fully well that you cannot and will not be compelled to assist us if you are not disposed to.

Contact me, or the Chairman via email with your contact telephone and fax Numbers, so that he can call you for a discussion.

Thank you as i await your response.

Sincerely,

Ms. Anita Obadan","Ms. Anita Obadan Tenders Board, Indepedent National electoral Commission Lagos, Nigeria. Dear Friend, I guess this letter may come to you as surprise since I had no previous correspondence with you. I am the Secretary, tenders board of independent national Electoral commission (INEC). I got your contact in my Search for a reliable person handle a very confidential Transaction involving the transfer of US$. million. The above fund is not connected with arms, drugs or Money laundering. It is the product of an over invoiced Contract awarded in by INEC to a foreign company for the construction of high rise estate in the federal capital territory. The contract has long been executed and payment of The actual contract amount has been paid to the Foreign contractor leaving the balance, which my colleagues and I now want to transfer out of Nigeria into a reliable foreign account for our personal use. As civil servants we are not allowed to run foreign accounts. Hence we have chosen to front and support you as the Beneficiary to be paid. If you are interested in the proposal contact the Chairman of the board Dr. Akinade Williams on: with the subject: (ANITA'S CONTACT) with your letter of acceptance along with your Direct telephone and fax numbers.If you use this subject, he will know that you are responding to the proposal that I sent to you. we have decided to share The money in the following percentage, % for us % for you The account owner and % for all local and international Expenses that may arise in the course of this transaction. Further details about this transaction will be discussed in the subsequent correspondence. Note also that the particular nature of Your business is irrelevant to this transaction and all local contacts and arrangements are in place For a smooth and successful conclusion of this transaction. Be informed that we are aware of the way email proposals of this type are being sent from this part of africa and as regards that,you should please treat this with utmost attention knowing fully well that you cannot and will not be compelled to assist us if you are not disposed to. Contact me, or the Chairman via email with your contact telephone and fax Numbers, so that he can call you for a discussion. Thank you as i await your response. Sincerely, Ms. Anita Obadan",1,0.9998264,"Corinne. Lillie Obadan Candidacy Board, Indepedent National electoral Committees Lake, Nigeria. Pumpkin Friend, I guess this carte may come to you as surprise if I had no previous correspondence with you. I am the Secretary, tenders panels of independent national Electoral commission (INEC). I got your contact in my Researching for a authoritative person handle a very confidential Functioning involving the transfer of OSS$. million. The above fonda is not connected with arms, drugs or Money laundering. It is the product of an over invoiced Contract awarded in by INEC to a foreign company for the construction of high rise estate in the federal capital territory. The contract has long been executed and payment of The actual contract amount has been paid to the Foreign contractor leaving the counterbalance, which my colleagues and I now want to assignments out of Nigerian into a reliable foreign account for our personal utilizing. As civil formal we are not allowed to run foreign auditor. Hence we have chosen to front and aides you as the Receiving to sont paid. If you are interested in the proposal contact the Chairman of the committees Dr. Akinade Williams on: with the subject: (ANITA'S CONTACT) with your letter of acceptance along with your Direct telephone and faxes numbers.If you use this subject, he will know that you are responding to the proposal that I sent to you. we have decided to share The amount in the following percentage, % for us % for you The account owner and % for all local and international Loaded that may arise in the course of this transaction. Further details about this transaction will be discussed in the subsequent correspondence. Note also that the particular nature of Your business is irrelevant to this transaction and all local contacts and arrangements are in place For a smooth and successful conclusion of this transaction. Be informed that we are aware of the way email proposals of this type are being sent from this part of africa and as regards that,you should please treat this with utmost attention knowing fully well that you cannot and will not be compelled to assist us if you are not disposed to. Contact me, or the Chairman via email with your contact telephone and fax Numbers, so that he can call you for a discussion. Thank you as i await your response. Absolutely, Emm. Anita Obadan",0.45625826716423035
2073,"

 Dear Partner,
 
I'm happy to inform you about my success in getting those funds transferred under the co-operation of a new partner from Venezuala.Presently i'm in Japan for investment projects with my own share of the total sum.meanwhile,i didn't forget your past efforts and attempts to assist me in transffering those funds despite that it failed us some how.
 
Now contact my secretary  his name is Mr.Elton Alagod,his email:( eltonalagod@myway.com ) ask him to send you the total $800,000.00 bank draft which i raised in your favour for your compensation for all the past efforts and attempts to assist me in this matter.i appreciated your efforts at that time very much.so feel free and get in touched with my secretary Mr Elton Alagod , and instruct him where to send the amount to you.

My regards to you and your family,
Barris George","Dear Partner, I'm happy to inform you about my success in getting those funds transferred under the co-operation of a new partner from Venezuala.Presently i'm in Japan for investment projects with my own share of the total sum.meanwhile,i didn't forget your past efforts and attempts to assist me in transffering those funds despite that it failed us some how. Now contact my secretary his name is Mr.Elton Alagod,his email:( ) ask him to send you the total $,. bank draft which i raised in your favour for your compensation for all the past efforts and attempts to assist me in this matter.i appreciated your efforts at that time very much.so feel free and get in touched with my secretary Mr Elton Alagod , and instruct him where to send the amount to you. My regards to you and your family, Barris George",1,0.9998227,"Dear Partner, I'm happy to inform you about my success in getting those funds transferred under the co-operation of a new partner from Venezuala.Presently i'm in Japan for location projects with my own share of the total amounts.meanwhile,i didn't forget your past efforts and attempts to assist me in transffering those funds despite that it failed us some how. Now contact my secretary his nomination is Yannick.Thon Alagod,his email:( ) ask him to send you the total $,. bank draft which i raised in your favour for your compensation for all the past efforts and attempts to assist me in this matter.i appreciated your efforts at that time very much.so feel free and get in touched with my secretary Bernd Elton Alagod , and instruct him where to send the somme to you. My regards to you and your kinship, Barris Georges
",0.4509071707725525
3403,"ATTENTION.  Hello Sir,  I am  PRINCE OGO,a member of the Movement For Democratic Change in  Zimbabwe...my party is opposed to the Zanu-PF party of the incumbent  President Robert Mugabe.I went into a partnership with a white farmer  and a buisness man in Zimbabwe and as we progressed in buisness,i  bought  his ideas and philosophy which made me join the movement for  democratic  change which is dominated by the whites(of which my colleague is a top  member).   We control a greater portion of the white-dominated farms in Zimbabwe  and we are major shareholders in major companies in Zimbabwe.The Mugabe  government and his political associates are not tolerant with the  activities of the movement for demcratic change and he is using  indirect  guerilla war tactic to oppress the members.   Zimbabwe war veterans invaded our farm and confiscated some of our  assets and held us hostage.I managed to escape from their brutality but  my buisness partner die!
 d on the struggle.He left message that i should  sell off all our assets including the farms,estates and the companies  ensuring that his family relocates oversea and also to invest the money  propperly bearing in mined that the next step of the guerillas will be  to confiscate those remaining assets.   I have successfully sold off the remaining portion of our estate ,  companies and farms after which i managed with the help of the  immigration to sneak out of zimbabwe with my partner's family to  Dubai,so  right now we are in Dubai(UAE).The total sum in our possession at this  moment is US$18.5M(eighteen million and five hundred thousand dollers)  realised from the aution sales of the estate,farms and companies.  I got to know you from an internet database and from my careful  analysis  i realized that you could assist in this venture.All i want u to do is  to  assist us to relocate the money through your account in your  country  and also help !
 us to invest it properly in a good buisness when we get  to yo!
 ur count
ry.   I have two options for you,the first is that you could choose to have a  certain agreeable percentage of the money for nominating ur account for  this transaction,the other is you could as well go into a joint  buisness  partnership with me for proper investment of the fund in your contry.  Which ever way you want it,feel free to notify me.I have also mapped  out  %5 of the money for all kinds of expenses incured in the process of  the  transaction and if you dont prefer joint partnership,i am offering you  %20 of the fund while the rest %75 will be for my investment.   Please i need your reply urgently to let me know if you are capable to  assist me and if you are comfortable with my offer so that we can  proceed.                       Regards..                    PRINCE OGO	","ATTENTION. Hello Sir, I am PRINCE OGO,a member of the Movement For Democratic Change in Zimbabwe...my party is opposed to the Zanu-PF party of the incumbent President Robert Mugabe.I went into a partnership with a white farmer and a buisness man in Zimbabwe and as we progressed in buisness,i bought his ideas and philosophy which made me join the movement for democratic change which is dominated by the whites(of which my colleague is a top member). We control a greater portion of the white-dominated farms in Zimbabwe and we are major shareholders in major companies in Zimbabwe.The Mugabe government and his political associates are not tolerant with the activities of the movement for demcratic change and he is using indirect guerilla war tactic to oppress the members. Zimbabwe war veterans invaded our farm and confiscated some of our assets and held us hostage.I managed to escape from their brutality but my buisness partner die! d on the struggle.He left message that i should sell off all our assets including the farms,estates and the companies ensuring that his family relocates oversea and also to invest the money propperly bearing in mined that the next step of the guerillas will be to confiscate those remaining assets. I have successfully sold off the remaining portion of our estate , companies and farms after which i managed with the help of the immigration to sneak out of zimbabwe with my partner's family to Dubai,so right now we are in Dubai(UAE).The total sum in our possession at this moment is US$.M(eighteen million and five hundred thousand dollers) realised from the aution sales of the estate,farms and companies. I got to know you from an internet database and from my careful analysis i realized that you could assist in this venture.All i want u to do is to assist us to relocate the money through your account in your country and also help ! us to invest it properly in a good buisness when we get to yo! ur count ry. I have two options for you,the first is that you could choose to have a certain agreeable percentage of the money for nominating ur account for this transaction,the other is you could as well go into a joint buisness partnership with me for proper investment of the fund in your contry. Which ever way you want it,feel free to notify me.I have also mapped out % of the money for all kinds of expenses incured in the process of the transaction and if you dont prefer joint partnership,i am offering you % of the fund while the rest % will be for my investment. Please i need your reply urgently to let me know if you are capable to assist me and if you are comfortable with my offer so that we can proceed. Regards.. PRINCE OGO",1,0.9998103,"ATTENTION. Cuckoo Javier, me am PRINCE OGO,a member of the Movement For Democratic Change in Zimbabwe...my party is opposed to the Zanu-PF party of the incumbent President Robert Mugabe.I went into a partnership with a white farmer and a buisness man in Botswana and as we progressed in buisness,i bought his ideas and philosophy which made me join the movement for democratic change which is dominated by the whites(of which my colleague is a top member). We control a greater portion of the white-dominated farms in Zimbabwe and we are major shareholders in major companies in Zimbabwe.The Mugabe government and his political associates are not tolerant with the activities of the shifts for demcratic change and he is using indirect guerilla war tactic to oppress the members. Zimbabwe war veterans invaded our farm and confiscated some of our assets and held us hostage.I managed to escape from their brutality but my buisness mates die! d on the struggle.He left message that i should sell off all our assets including the ranch,estates and the corp protections that his family relocates oversea and also to investments the exchequer propperly implications in mined that the next version of the guerillas wants be to confiscate those remaining asset. I have successfully sold off the remaining portion of our h , companies and farmhouse after which i runs with the allowing of the immigration to sneak out of zimbabwe with my partner's family to Dubai,tad right now we are in Debbie(UAE).The ensemble somme in our possession at this moment is VERSUS$.yards(fifteen million and three hundred thousand dollers) knew from the aution sales of the h,peasants and undertaking. me have to understand you from an cyber data and from my thorough review i doing that you could supporting in this troupe.Each i want u to would is to participates ourselves to relocation the treasurer through your compte in your canada and also favour ! our to invested it enough in a optimal buisness when we get to yo! ur recounts ry. I enjoy two opt for you,the first is that you could decide to es a specific charmer ratio of the qian for nominating ur compte for this dealings,the other is you could as quite skip into a ensemble buisness partner with me for authentic location of the financing in your contry. Which ever way you want it,smells devoid to notify me.I enjoy also ascribed out % of the amounts for all genres of accusations incured in the process of the transaction and if you dont prefer joint partnership,i am offering you % of the fund while the rest % will be for my investment. Please i need your reply urgently to let me know if you are capable to assist me and if you are comfortable with my offer so that we can proceed. Regards.. PRINCE OGO
",0.4888898730278015
517,"              FROM SAMUEL & BEKIJA  ZUMA       COTE D IVOIRE
WEST AFRICA

DEAR FRIEND,

PERMIT US TO INFORM YOU OF OUR DESIRE OF ENTERING INTO BUSINESS RELATIONSHIP WITH YOU, WE GOT YOUR CONTACT THROUGH A FRIEND WHO WORKS IN THE HUMAN RIGHTS COMMISSION HERE IN ABIDJAN COTE D IVOIRE, I PRAYED OVER IT AND SELECTED YOU  AMOUNG OTHER PEOPLE DUE TO SESTEMING NATURE AND THE RECOMMENDATIONS GIVEN TO ME AS A REPUTABLE AND TRUSTWORTHY PERSON WE CAN DO BUSINESS WITH AND BY THEIR RECOMMENDATIONS WE MUST NOT HESITATE CONFIDE IN YOU FOR THIS SIMPLE AND SINCERE BUSINESS.

I AM BEKIJA ZUMA AND YOUNGER BROTHER SAMUEL ZUMA,THE ONLY CHILDREN OF LATE MR CHIEF HENNRY ZUMA , OUR FAHTER WAS A VERY WEALTHY COCOA  MERCHANT BASED IN ABIDJAN THE ECONOMIC CAPITAL OF IVORY COAST BEFORE HE WAS POISONED TO DEATH BY HIS BUSINESS ASSOCIATES ON ONE OF THEIR OUTING TO DISCUSS ON A BUSINESS DEAL. WHEN OUR MOTHER DIED ON 1ST OCTOBER 1999.

OUR FATHER TOOK US SO SPECIAL BECAUSE WE ARE MOTHERLESS. BEFORE THE DEATH
OF OUR FATHER ON 29TH AUGUST 2004 IN A PRIVATE HOSPITAL HERE IN ABIDJAN.
HE SECRETLY CALLED ME ON HIS BEDSIDE AND TOLD ME THAT HE HAS A SUM OF US$12.500.000.00 (TWELVE MILLION FIVE HUNDRED THOUSAND, UNITED STATES DOLLARS) LEFT IN ONE OF THE
LOCAL BANKS HERE IN ABIDJAN. THAT HE USED MY NAME AS HIS BELOVED DUAGHTER FOR THE NEXT OF KIN IN DEPOSIT OF THE FUND.

HE ALSO EXPLAINED TO US THAT IT WAS BECAUSE OF THIS WEALTH THAT HE WAS POISONED
BY HIS BUSINESS ASSOCIATES, THAT I SHOULD SEEK FOR A FOREIGN PARTNER IN
A COUNTRY OF OUR CHOICE WHERE I WILL TRANSFER THIS MONEY AND USE IT FOR
INVESTMENT PURPOSE. (SUCH AS REAL ESTATE MANAGEMENT). I AM HONOURABLY SEEKING YOUR ASSISTANCE IN THE FOLLOWING WAYS .

TO PROVIDE A BANK ACCOUNT WHERE THIS MONEY WOULD BE TRANSFERED TO SERVE AS THE GUARDIAN OF THIS FUND SINCE I AM A GIRL OF 22 YEARS TO MAKE ARRANGEMENT FOR US TO COME OVER TO YOUR COUNTRY TO FURTHER OUR EDUCATION AND TO SECURE A RESIDENTIAL PERMIT IN YOUR COUNTRY.

WE ARE WILLING TO OFFER YOU 20% OF THE TOTAL SUM AS COMPENSATION FOR YOUR EFFORT INPUT AFTER THE SUCCESSFUL TRANSFER OF THIS FUND TO YOUR NOMINATED ACCOUNT OVERSEAS. FURTHERMORE, YOU CAN INDICATE YOUR OPTION TOWARDS ASSISTING US AS WE BELIEVE THAT THIS TRANSACTION WOULD BE CONCLUDED WITHIN SEVEN (7) DAYS YOU SIGNIFY INTEREST TO ASSIST US. WE WILL APPRECIATE YOU SEND US E-MAIL. samuel_bekija92005@yahoo.es

ANTICIPATING TO HEAR FROM YOU SOON.

THANKS AND GOD BLESS.
SAMUEL AND BEKIJA ZUMA










		
---------------------------------

LLama Gratis a cualquier PC del Mundo.
Llamadas a fijos y moviles desde 1 centimo por minuto.
http://es.voice.yahoo.com","FROM SAMUEL & BEKIJA ZUMA COTE D IVOIRE WEST AFRICA DEAR FRIEND, PERMIT US TO INFORM YOU OF OUR DESIRE OF ENTERING INTO BUSINESS RELATIONSHIP WITH YOU, WE GOT YOUR CONTACT THROUGH A FRIEND WHO WORKS IN THE HUMAN RIGHTS COMMISSION HERE IN ABIDJAN COTE D IVOIRE, I PRAYED OVER IT AND SELECTED YOU AMOUNG OTHER PEOPLE DUE TO SESTEMING NATURE AND THE RECOMMENDATIONS GIVEN TO ME AS A REPUTABLE AND TRUSTWORTHY PERSON WE CAN DO BUSINESS WITH AND BY THEIR RECOMMENDATIONS WE MUST NOT HESITATE CONFIDE IN YOU FOR THIS SIMPLE AND SINCERE BUSINESS. I AM BEKIJA ZUMA AND YOUNGER BROTHER SAMUEL ZUMA,THE ONLY CHILDREN OF LATE MR CHIEF HENNRY ZUMA , OUR FAHTER WAS A VERY WEALTHY COCOA MERCHANT BASED IN ABIDJAN THE ECONOMIC CAPITAL OF IVORY COAST BEFORE HE WAS POISONED TO DEATH BY HIS BUSINESS ASSOCIATES ON ONE OF THEIR OUTING TO DISCUSS ON A BUSINESS DEAL. WHEN OUR MOTHER DIED ON ST OCTOBER . OUR FATHER TOOK US SO SPECIAL BECAUSE WE ARE MOTHERLESS. BEFORE THE DEATH OF OUR FATHER ON TH AUGUST IN A PRIVATE HOSPITAL HERE IN ABIDJAN. HE SECRETLY CALLED ME ON HIS BEDSIDE AND TOLD ME THAT HE HAS A SUM OF US$... (TWELVE MILLION FIVE HUNDRED THOUSAND, UNITED STATES DOLLARS) LEFT IN ONE OF THE LOCAL BANKS HERE IN ABIDJAN. THAT HE USED MY NAME AS HIS BELOVED DUAGHTER FOR THE NEXT OF KIN IN DEPOSIT OF THE FUND. HE ALSO EXPLAINED TO US THAT IT WAS BECAUSE OF THIS WEALTH THAT HE WAS POISONED BY HIS BUSINESS ASSOCIATES, THAT I SHOULD SEEK FOR A FOREIGN PARTNER IN A COUNTRY OF OUR CHOICE WHERE I WILL TRANSFER THIS MONEY AND USE IT FOR INVESTMENT PURPOSE. (SUCH AS REAL ESTATE MANAGEMENT). I AM HONOURABLY SEEKING YOUR ASSISTANCE IN THE FOLLOWING WAYS . TO PROVIDE A BANK ACCOUNT WHERE THIS MONEY WOULD BE TRANSFERED TO SERVE AS THE GUARDIAN OF THIS FUND SINCE I AM A GIRL OF YEARS TO MAKE ARRANGEMENT FOR US TO COME OVER TO YOUR COUNTRY TO FURTHER OUR EDUCATION AND TO SECURE A RESIDENTIAL PERMIT IN YOUR COUNTRY. WE ARE WILLING TO OFFER YOU % OF THE TOTAL SUM AS COMPENSATION FOR YOUR EFFORT INPUT AFTER THE SUCCESSFUL TRANSFER OF THIS FUND TO YOUR NOMINATED ACCOUNT OVERSEAS. FURTHERMORE, YOU CAN INDICATE YOUR OPTION TOWARDS ASSISTING US AS WE BELIEVE THAT THIS TRANSACTION WOULD BE CONCLUDED WITHIN SEVEN () DAYS YOU SIGNIFY INTEREST TO ASSIST US. WE WILL APPRECIATE YOU SEND US E-MAIL. ANTICIPATING TO HEAR FROM YOU SOON. THANKS AND GOD BLESS. SAMUEL AND BEKIJA ZUMA --------------------------------- LLama Gratis a cualquier PC del Mundo. Llamadas a fijos y moviles desde centimo por minuto.",1,0.99980134,"OF CALEB & BEKIJA ZUMA COTE j IVOIRE WEST AFRICA PUMPKIN FRIEND, PERMIT OSS TO INFORM Y OF OUR WISHING OF INCLUSION DANS OPERATIONAL RELATIONSHIP WITH TOE, WE REACHES TONE CONTACT FOR A COLLEAGUE QUI COLLABORATORS THE DANS HUMANITIES LAW COMMITTEE THURSDAY CIRCA KINSHASA COTE iii IVOIRE, I URGED THROUGHOUT EC AND ELECTED Y AMOUNG ALTERNATING PERSONNEL BECAUSE TOWARD SESTEMING IDIOSYNCRATIC AND BOTH RECOMMENDATIONS CONCEDED CIRCA ME BECAUSE A ADHERED NOR TRUSTWORTHY CAPITA MYSELF CA PLAYED FIRMS AT ET AMONG THEIR RECOMMENDATIONS THERE NEEDED EITHER HESITATION DEPEND ROUGHLY TU ABOUT EC SIMPLICITY NOR DEVOUT UNDERTAKINGS. I GOT BEKIJA MBEKI AND ADOLESCENCE SIBLINGS ISAAC ZUMA,BOTH NARROWLY CHILDREN OF LATE YANNICK CHAIRPERSON HENNRY ZUMA , OUR FAHTER WOULD A SIGNIFICANTLY ENRICH CHOCOLATE COMMERCE BASED FOR BURUNDI AT ECONOMIC INVESTING DE IVORY RIVERSIDE ONCE HE BROUGHT TOXICS THROUGH DEATH PER HIS BUSINESS ASSOCIATES ON ONE OF THEIR HIKING ONTO DISCUSS ON A BUSINESS DISCUSSES. WHEN OUR MOTHER DIED ON ST AVRIL . OUR FATHER TOOK US SO SPECIAL BECAUSE WE ARE MOTHERLESS. BEFORE THE DEATH OF OUR FATHER ON TH AUGUST FROM A PRIVATE HOSPITAL HERE IN SENEGAL. ILLINOIS SECRETLY CALLED ME ON HIS BEDSIDE AND TOLD ME THAT HE HAS A SUM OF US$... (TWELVE MILLION FIVE HUNDRED THOUSAND, UNITED STATES DOLLARS) LEFT IN ONE OF THE LOCAL BANKERS HERE AROUND ABIDJAN. THAT HE USED MY NAME AS HIS BELOVED DUAGHTER FOR THE NEXT OF KIN IN DEPOSIT OF THE FUND. HE ALSO EXPLAINED TO US THAT IT WAS BECAUSE OF THIS WEALTH THAT HE WAS POISONED BY HIS BUSINESS ASSOCIATES, THAT I SHOULD SEEK FOR A FOREIGN PARTNER IN A COUNTRY OF OUR CHOICE WHERE I WILL TRANSFER THIS MONEY AND USE IT FOR INVESTMENT PURPOSE. (SUCH AS REAL ESTATE MANAGEMENT). I AM HONOURABLY SEEKING YOUR ASSISTANCE IN THE FOLLOWING WAYS . TO PROVIDE A BANK ACCOUNT WHERE THIS MONEY WOULD BE TRANSFERED TO SERVE AS THE GUARDIAN OF THIS FUND SINCE I AM A GIRL OF YEARS TO MAKE ARRANGEMENT FOR US TO COME OVER TO TON SECTIONALS TO FURTHER OUR EDUCATION AND TO SECURE A RESIDENTIAL PERMIT IN TON COUNTRY. WE ARE WILLING TO OFFER YOU % OF THE TOTAL SUM AS COMPENSATION FOR YOUR EFFORT INPUT AFTER THE SUCCESSFUL TRANSFER OF THIS FUND TO VOS NOMINATED ACCOUNT OVERSEAS. FURTHERMORE, YOU CAN INDICATE YOUR OPTION TOWARDS ASSISTING US AS WE BELIEVE THAT THIS TRANSACTION WOULD BE CONCLUDED WITHIN SEVEN () DAYS YOU SIGNIFY INTEREST TO ASSIST US. WE WILL APPRECIATE YOU SEND US E-MAIL. ANTICIPATING TO HEAR FROM YOU SOON. THANKS AND GOD BLESS. SAMUEL AND BEKIJA ZUMA --------------------------------- LLama Gratis a cualquier PC del Mundo. Llamadas a fijos y moviles desde centimo por minuto.",0.4026311933994293
3182,"USAA Security Preferences Message Alert.Click below to view secured Message
    
  ",USAA Security Preferences Message Alert.Click below to view secured Message,1,0.9907334,USAA Protecting Preferences Message Alert.Click below to view secured Message,0.025298016145825386
308,">From The Desk of Mr. Gary Fredricks
Head of Foreign Operations 
5, mall London Road, 
Swanley Kent BR8 7WL
London EC2R 8BP,
United Kingdom.
TEL: +44-704-0185-556
FAX 44-7005-921-605
E-mail: mrgary_fredricks@yahoo.de

Dear Partner,

Do accept my sincere apologies if my mail does not meet your personal ethics.  For i know this may seem like a complete intrusion to your privacy but right about now this is my option of communication. This note might seem strange or probably untrue considering the amount of junk mails we receive daily, but i believe this is still the most genuine way of contacting a true character. 

I will introduce myself as the Head of Foreign Operations Department in the accounts management section this well-known bank here in the United Kingdom as Stated above. I am seeking your cooperation to present you to my bank as the Next of kin to LATE ANDREA SCHRANNER. A Germany property Magnate Andreas Schranner, 64, his wife Maria, 62, their daughter Andrea Eich, 38, her husband Christian, 57, and their children Katharina, eight, and Maximilian, 10, all perished in the jet.

Please click here below for verification. 

http://news.bbc.co.uk/1/hi/world/europe/859479.stm
 
PROPOSITION:
One of late Andrea Schranner's accounts with holding balance of 15,000,000(Fifteen Million British Pounds) has been dormant and has not been operated for the past 5 years and the DEPOSIT will be converted to UNCLAIMED  DEPOSIT and therefore forfeited if nobody comes forward to lay claim to the deposit before the end of this financial quarter, as is the practice and also indicated in the EU banking guidelines.
 
>From my investigations and confirmation, the owner of this account a foreigner by name Late Andrea Schranner's died on MONDAY, 31 JULY,2000 in a plane crash with his family.

After going through the deceased records and files, I discovered that: 
(1) No one has operated this account since 2000;
(2) He died without a heir; hence the money has been floating. 
(3) No other person knows about this account and there was no known beneficiary. 

And if we do not remit this money urgently, it would be confiscated and forfeited for nothing. I have secretly discussed this matter with account officer and we have agreed to find a reliable foreign partner to deal with. We thus propose to do business with you, standing in as the next of kin of these funds from the deceased and funds released to you after due processes have been followed. 
 
This transaction is totally free of risk and troubles as the fund is a legitimate and does not originate from drug, money laundering, terrorism or any other illegal act. On your interest, let me hear from you.


On your interest, let me have your private/direct contact numbers including fax and a copy of your International Passport or driver's license for easy communication, identification and trust. I must be reached only on my private contact details for confidential reasons.


 
Regards,
Mr. Gary Fredricks
TEL: +44-704-0185-556
FAX 44-7005-921-605",">From The Desk of Mr. Gary Fredricks Head of Foreign Operations , mall London Road, Swanley Kent BR WL London ECR BP, United Kingdom. TEL: +--- FAX --- E-mail: Dear Partner, Do accept my sincere apologies if my mail does not meet your personal ethics. For i know this may seem like a complete intrusion to your privacy but right about now this is my option of communication. This note might seem strange or probably untrue considering the amount of junk mails we receive daily, but i believe this is still the most genuine way of contacting a true character. I will introduce myself as the Head of Foreign Operations Department in the accounts management section this well-known bank here in the United Kingdom as Stated above. I am seeking your cooperation to present you to my bank as the Next of kin to LATE ANDREA SCHRANNER. A Germany property Magnate Andreas Schranner, , his wife Maria, , their daughter Andrea Eich, , her husband Christian, , and their children Katharina, eight, and Maximilian, , all perished in the jet. Please click here below for verification. PROPOSITION: One of late Andrea Schranner's accounts with holding balance of ,,(Fifteen Million British Pounds) has been dormant and has not been operated for the past years and the DEPOSIT will be converted to UNCLAIMED DEPOSIT and therefore forfeited if nobody comes forward to lay claim to the deposit before the end of this financial quarter, as is the practice and also indicated in the EU banking guidelines. >From my investigations and confirmation, the owner of this account a foreigner by name Late Andrea Schranner's died on MONDAY, JULY, in a plane crash with his family. After going through the deceased records and files, I discovered that: () No one has operated this account since ; () He died without a heir; hence the money has been floating. () No other person knows about this account and there was no known beneficiary. And if we do not remit this money urgently, it would be confiscated and forfeited for nothing. I have secretly discussed this matter with account officer and we have agreed to find a reliable foreign partner to deal with. We thus propose to do business with you, standing in as the next of kin of these funds from the deceased and funds released to you after due processes have been followed. This transaction is totally free of risk and troubles as the fund is a legitimate and does not originate from drug, money laundering, terrorism or any other illegal act. On your interest, let me hear from you. On your interest, let me have your private/direct contact numbers including fax and a copy of your International Passport or driver's license for easy communication, identification and trust. I must be reached only on my private contact details for confidential reasons. Regards, Mr. Gary Fredricks TEL: +--- FAX ---",1,0.9997023,">Z The Desk of Hannes. Gary Fredricks Head of Foreign Operations , mall London Road, Swanley Kent BR WISCONSIN London ECR BP, United Brittany. TEL: +--- FAX --- E-mail: Dear Partner, Do accept my sincere apologies if my mail does not meet your personal ethics. For i know this may seem like a complete intrusion to your privacy but right about now this is my option of communication. This note might seem strange or probably untrue considering the amount of junk mails we receive daily, but i believe this is still the most genuine way of contacting a true character. I will introduce myself as the Head of Foreign Operations Department in the accounts management section this well-known ribera here in the United Kingdom as Stated above. I am seeking your cooperation to present you to my ribera as the Next of kin to LATE ANDREA SCHRANNER. A Ger property Magnate Andreas Schranner, , his wife Maria, , their daughter Andrea Eich, , her husband Christian, , and their children Katharina, eight, and Maximilian, , all perished in the jet. Please click here below for verification. PROPOSITION: One of late Andrea Schranner's accounts with holding balance of ,,(Fifteen Million British Pounds) has been dormant and has not been operated for the past years and the DEPOSIT will be converted to UNCLAIMED DEPOSIT and therefore forfeited if nobody comes forward to lay claim to the deposit before the end of this financial quarter, as is the practice and also indicated in the EU banking guidelines. >From my investigations and confirmation, the owner of this account a foreigner by name Late Andrea Schranner's died on MONDAY, JULY, in a plane crash with his family. After going through the deceased records and files, I discovered that: () No one has operated this account since ; () He died without a heir; hence the money has been floating. () No other person knows about this account and there was no known beneficiary. And if we do not remit this money urgently, it would be confiscated and forfeited for nothing. I have secretly discussed this matter with account officer and we have agreed to find a reliable foreign partner to deal with. We thus propose to do business with you, standing in as the next of kin of these funds from the deceased and funds released to you after due processes have been followed. This transaction is totally free of risk and troubles as the fund is a legitimate and does not originate from drug, money laundering, terrorism or any other illegal act. On your interest, let me hear from you. On your interest, let me have your private/direct contact numbers including fax and a copy of your International Passport or driver's license for easy communication, identification and trust. I must be reached only on my private contact details for confidential reasons. Regards, Mr. Gary Fredricks TEL: +--- FAX ---
",0.4920864403247833
