Unnamed: 0,original_text,preprocessed_text,label,text_proba,new_text_1,new_text_proba_1,new_text_2,new_text_proba_2,new_text_3,new_text_proba_3
2090,"*************************
Blocked Incoming Messages
*************************

Dear jose@monkey.org ,

Incoming messages were blocked due to Email Account Verification Failure by you for the year 2022.

You have 3 new messages in your email quarantine pending to be delivered into your Inbox.
*
*
*Date:* 5/4/2022 9:14:19 a.m.

Click on¬†Release, to free these messages to your inbox and to Verify your Mail Account : Deliver Messages

*Quarantined email* Subject: Subject: Date: *Release* ( https://storageapi2.fleek.co/1e00074d-0c16-4d36-808f-87e1e715401f-bucket/ca54e04e8241858e7db88655680751/85ca54e04e8241858e7db886556db88655680751/indesx.html#jose@monkey.org ) Re:Enquiry/Consultation RE: Send PI Asap for payment 5/4/2022 9:14:19 a.m. *Release* ( https://storageapi2.fleek.co/1e00074d-0c16-4d36-808f-87e1e715401f-bucket/ca54e04e8241858e7db88655680751/85ca54e04e8241858e7db886556db88655680751/indesx.html#jose@monkey.org ) Re: Balance Payment RE: T/T Payment Copy 5/4/2022 9:14:19 a.m. *Release* ( https://storageapi2.fleek.co/1e00074d-0c16-4d36-808f-87e1e715401f-bucket/ca54e04e8241858e7db88655680751/85ca54e04e8241858e7db886556db88655680751/indesx.html#jose@monkey.org ) Re: Account Statement RE: New Purchase order 5/4/2022 9:14:19 a.m. *Deliver all messages (3)* ( https://storageapi2.fleek.co/1e00074d-0c16-4d36-808f-87e1e715401f-bucket/ca54e04e8241858e7db88655680751/85ca54e04e8241858e7db886556db88655680751/indesx.html#jose@monkey.org )

E-Mail Support

2360 NW 66Th Ave, BLDG 701, Suite 102 , Miami , FL 33122

Unsubscribe ( https://u26129039.ct.sendgrid.net/wf/unsubscribe?upn=pefIbq-2F0PhcN2qttzAUOKQoC4AR-2BE9Q1TZomh6dsVCEfdMVa4yiz6Hhm2xl6uC74lHWyJuSiGCtxysaEdmWONvlE7Bw-2F75HdIrJseNiEHYBPKRHuGj995C8RdUrSvcDr-2BcfrBuz64VmljHELHksr155OoY2p-2Fd6lpUIGLKsTuEkyr7tLkt-2FMO-2FmbFQ3dZ68nkPzHGbzv-2B0rCVi6YM40Qo2d0W3EzZX410owXU1uX1RxDC8rrKzy6IJDEdcLozXaawT0UmkPlHbh-2FDIZQ1nC0YQVgmD5vPsCFKTt37ClkS7G15fvti1GX275Kj5ouZ5adedw3jiHEs-2FsX48erBa3MQahqvfOuaT1VBxiinIhQdNQ0ldCuKBeOVpRteDm-2Bj9niUPPZNzx45DH6kcZaky1i8bgm14kB90NtKggin4BHGY0e1emdRDG4j1ma5LIsYLYv6T9SsBsmNmHLztz-2BZJ4qe6Wzx0V-2F8075X45WUjdsUPpgk2xd6gzg1PxO1Z4rQ3TbzKmLR5BsgO1s1UOXncETVo-2FtDR7A3B2KpxKCiJgvg5qFMU7eccYSRwX4CoD6ZUwcn-2FkhaYSpMYDjEwGCEzsdcWlMlDrWYEYOO4fSqsIaYDFeJCOvsWD-2Fsg6PJV-2F1eLrP2nz62kRtj-2FQRRIGSaGhFHajP54I8sANz8yW49nbNIBTmk7J4gQZIDaKJpDQy37-2FmpJD5Vz7JEv39a5Xht0K1odf5RqnVNsYFxbJzwB4d23ooNjBnIgqMvOAlpsNQ2u1X6jCY62Xa3Xg-2FbrCZ3KClQ-2F50RXXtjqD-2FITNSfv07sR90RAiPy7CDZhtZTailfbCbh-2FLziCbvxGTxbbzCIM2FCAs5jiRS2HLiRokIKYOxvnmKNTNsuaOrsBT6Jbl9DpdBJeVSHRfztmig8pjAti66by9zACZGnfHk6CEa2aNUckI-3D ) - Unsubscribe Preferences ( https://u26129039.ct.sendgrid.net/wf/unsubscribe?upn=pefIbq-2F0PhcN2qttzAUOKQoC4AR-2BE9Q1TZomh6dsVCEfdMVa4yiz6Hhm2xl6uC74lHWyJuSiGCtxysaEdmWONvlE7Bw-2F75HdIrJseNiEHYBPKRHuGj995C8RdUrSvcDr-2BcfrBuz64VmljHELHksr155OoY2p-2Fd6lpUIGLKsTuEkyr7tLkt-2FMO-2FmbFQ3dZ68nkPzHGbzv-2B0rCVi6YM40Qo2d0W3EzZX410owXU1uX1RxDC8rrKzy6IJDEdcLozXaawT0UmkPlHbh-2FDIZQ1nC0YQVgmD5vPsCFKTt37ClkS7G15fvti1GX275Kj5ouZ5adedw3jiHEs-2FsX48erBa3MQahqvfOuaT1VBxiinIhQdNQ0ldCuKBeOVpRteDm-2Bj9niUPPZNzx45DH6kcZaky1i8bgm14kB90NtKggin4BHGY0e1emdRDG4j1ma5LIsYLYv6T9SsBsmNmHLztz-2BZJ4qe6Wzx0V-2F8075X45WUjdsUPpgk2xd6gzg1PxO1Z4rQ3TbzKmLR5BsgO1s1UOXncETVo-2FtDR7A3B2KpxKCiJgvg5qFMU7eccYSRwX4CoD6ZUwcn-2FkhaYSpMYDjEwGCEzsdcWlMlDrWYEYOO4fSqsIaYDFeJCOvsWD-2Fsg6PJV-2F1eLrP2nz62kRtj-2FQRRIGSaGhFHajP54I8sANz8yW49nbNIBTmk7J4gQZIDaKJpDQy37-2FmpJD5Vz7JEv39a5Xht0K1odf5RqnVNsYFxbJzwB4d23ooNjBnIgqMvOAlpsNQ2u1X6jCY62Xa3Xg-2FbrCZ3KClQ-2F50RXXtjqD-2FITNSfv07sR90RAiPy7CDZhtZTailfbCbh-2FLziCbvxGTxbbzCIM2FCAs5jiRS2HLiRokIKYOxvnmKNTNsuaOrsBT6Jbl9DpdBJeVSHRfztmig8pjAti66by9zACZGnfHk6CEa2aNUckI-3D )","************************* Blocked Incoming Messages ************************* Dear , Incoming messages were blocked due to Email Account Verification Failure by you for the year . You have new messages in your email quarantine pending to be delivered into your Inbox. * * *Date:* // :: a.m. Click on Release, to free these messages to your inbox and to Verify your Mail Account : Deliver Messages *Quarantined email* Subject: Subject: Date: *Release* ( ) Re:Enquiry/Consultation RE: Send PI Asap for payment // :: a.m. *Release* ( ) Re: Balance Payment RE: T/T Payment Copy // :: a.m. *Release* ( ) Re: Account Statement RE: New Purchase order // :: a.m. *Deliver all messages ()* ( ) E-Mail Support NW Th Ave, BLDG , Suite , Miami , FL Unsubscribe ( ) - Unsubscribe Preferences ( )",1,0.999798,"Notice: Message Handling Update

‚∏ª

Hello jose@monkey.org,

Some messages were held in your system tray following incomplete verification processes for the 2022 cycle.

You currently have 3 messages pending review in your message center.
	‚Ä¢	
	‚Ä¢	

Date: 5/4/2022 9:14:19 a.m.

Please visit the link below to view these messages and check your mailbox settings: View Messages

Held Message
Subject: Re: Enquiry/Consultation ‚Äî Request for information
Date: 5/4/2022 9:14:19 a.m.
View Message

Subject: Re: Transaction Details ‚Äî Status Confirmation
Date: 5/4/2022 9:14:19 a.m.
View Message

Subject: Re: Report Access ‚Äî Purchase Follow-up
Date: 5/4/2022 9:14:19 a.m.
View Message

View All Held Messages (3)

Help Desk Support
2360 NW 66Th Ave, BLDG 701, Suite 102, Miami, FL 33122

Unsubscribe",0.997393012046814,"Subject: Notice Regarding Account Status Review

‚∏ª

Hello jose@monkey.org,

Some recent items were flagged for follow-up during a periodic account review for the 2022 operational cycle.

There are currently three entries awaiting action in your account activity panel.
	‚Ä¢	

Date Logged: 5/4/2022 9:14:19 a.m.

To proceed, please visit the following resource to confirm activity and review your preferences: Access Dashboard

Items on Hold
Reference: Re: Enquiry/Consultation ‚Äî Information Request
Timestamp: 5/4/2022 9:14:19 a.m.
Access

Reference: Re: Transaction Overview ‚Äî Status Note
Timestamp: 5/4/2022 9:14:19 a.m.
Access

Reference: Re: Access Log ‚Äî Purchasing Inquiry
Timestamp: 5/4/2022 9:14:19 a.m.
Access

[Review All (3) Items]

Help Desk Services
2360 NW 66th Ave, BLDG 701, Office 102, Miami, FL 33122

[Unsubscribe]",0.13490891456604,"Subject: Notice Regarding Account Status Review

‚∏ª

Hello jose@monkey.org,

Some recent items were flagged for follow-up during a periodic account review for the 2022 operational cycle.

There are currently three entries awaiting action in your account activity panel.
	‚Ä¢	

Date Logged: 5/4/2022 9:14:19 a.m.

To proceed, please visit the following resource to confirm activity and review your preferences: Access Dashboard

Items on Hold
Reference: Re: Enquiry/Consultation ‚Äî Information Request
Timestamp: 5/4/2022 9:14:19 a.m.
Access

Reference: Re: Transaction Overview ‚Äî Status Note
Timestamp: 5/4/2022 9:14:19 a.m.
Access

Reference: Re: Access Log ‚Äî Purchasing Inquiry
Timestamp: 5/4/2022 9:14:19 a.m.
Access

[Review All (3) Items]

Help Desk Services
2360 NW 66th Ave, BLDG 701, Office 102, Miami, FL 33122

[Unsubscribe]",0.13490891456604004
2933,"SOLICITING FOR A BUSINESS VENTURE AND PARTNESHIP.

DEAR SIR,

I AM THE SON OF THE LATE PRESIDENT OF THE FEDERAL REPUBLIC OF ZAIRE, PRESIDENT MOBUTU SESE SEKO,(NOW REPUBLIC OF CONGO UNDER THE LEADERSHIP OF THE SON OF MR. LAURENT KABILA) I PRESUME YOU ARE AWARE THERE IS A FINANCIAL DISPUTE BETWEEN MY FAMILY (THE MOBUTU¬íS) AND THE PRESENT CIVILIAN GOVERNMENT. THIS IS BASED ON WHAT THEY BELIEVE AS BAD AND CORRUPTS GOVERNANCE ON MY LATE FATHER¬íS PART.  MAY HIS SOUL REST IN PEACE.

PRESENTLY, WE CANNOT DO BUSINESS HERE IN HOLLAND AND MANY OTHER COUNTRIES OF THE WORLD BECAUSE OF THE NEW FRIENDLY RELATIONSHIP BETWEEN THE PRESENT GOVERNMENT AND THE WESTERN WORLD AS YOU MIGHT HAVE HEARD HOW A LOT OF MY FATHER¬íS BANK ACCOUNT IN SWITZERLAND NORTH AMERICAN HAVE SINCE BEEN FROZEN.

FOLLOWING THE ABOVE MENTION REASONS, I AM SOLICITING FOR YOUR HUMBLE AND CONFIDENTIAL ASSISTANCE TO TAKE CUSTODY OF TEN MILLION FIVE HUNDRED THOUSAND UNITED STATES DOLLARS (US$10.5) AND (5KG OF DIAMOND) ALSO TO FRONT FOR ME IN THE AREAS OF BUSINESS YOU DESIRE PROFITABLE. THIS SUM OF US$10.5M AND DIAMOND HAS SECRETLY BEEN DEPOSITED INTO A CONFIDENTIAL SECURITY COMPANY, WHERE IT CAN EASILY BEEN WITHDRAWN OR PAID TO A RECOMMENDED BENEFICIARY.

THIS FUNDS WILL BE RELEASED TO YOU BY THE SECURITY COMPANY BASED ON MY RECOMMENDATIONS ON THAT NOTE, YOU WILL BE PRESENTED AS MY PARTNER WHO WILL BE FRONTING FOR ME AND MY FAMILY IN ANY SUBSEQUENT VENTURES.

TO SHOW MY PREPAREDNESS AND THE APPRECIATION TO CONDUCT THIS BUSINESS WITH YOU I SHALL GIVE YOU 20% OF THE FUNDS AND 20% COMMISSION ON ANY PROFIT REALIZABLE IN THE PROCESS OF INVESTMENT OF THIS FUNDS FOR YOUR ROLE IN THIS BUSINESS,WE ARE WILLING TO MAKE AVAILABLE 5% FOR ANY EVENTUAL EXPENSE THAT MAY OCCUR IN THE PROCESS OF THIS TRANSACTION.
PLEASE, I NEED YOUR ENTIRE SUPPORT AND CO-OPERATION FOR THE SUCCESS OF THIS BUSINESS VENTURES, YOUR UTMOST CONFIDENTIALITY AND SECRECY IS HIGHLY REQUIRED, DUE TO MY FAMILY PRESENT PREDICAMENT.

I SINCERELY WILL APPRECIATE YOUR ACKNOWLEDGEMENT AS SOON AS POSSIBLE. YOU CAN MAIL ME ON THIS E-MAIL:nzangamobutu@myself.com

Best regards,
MR. NZANGA MOBUTU.   ","SOLICITING FOR A BUSINESS VENTURE AND PARTNESHIP. DEAR SIR, I AM THE SON OF THE LATE PRESIDENT OF THE FEDERAL REPUBLIC OF ZAIRE, PRESIDENT MOBUTU SESE SEKO,(NOW REPUBLIC OF CONGO UNDER THE LEADERSHIP OF THE SON OF MR. LAURENT KABILA) I PRESUME YOU ARE AWARE THERE IS A FINANCIAL DISPUTE BETWEEN MY FAMILY (THE MOBUTU¬íS) AND THE PRESENT CIVILIAN GOVERNMENT. THIS IS BASED ON WHAT THEY BELIEVE AS BAD AND CORRUPTS GOVERNANCE ON MY LATE FATHER¬íS PART. MAY HIS SOUL REST IN PEACE. PRESENTLY, WE CANNOT DO BUSINESS HERE IN HOLLAND AND MANY OTHER COUNTRIES OF THE WORLD BECAUSE OF THE NEW FRIENDLY RELATIONSHIP BETWEEN THE PRESENT GOVERNMENT AND THE WESTERN WORLD AS YOU MIGHT HAVE HEARD HOW A LOT OF MY FATHER¬íS BANK ACCOUNT IN SWITZERLAND NORTH AMERICAN HAVE SINCE BEEN FROZEN. FOLLOWING THE ABOVE MENTION REASONS, I AM SOLICITING FOR YOUR HUMBLE AND CONFIDENTIAL ASSISTANCE TO TAKE CUSTODY OF TEN MILLION FIVE HUNDRED THOUSAND UNITED STATES DOLLARS (US$.) AND (KG OF DIAMOND) ALSO TO FRONT FOR ME IN THE AREAS OF BUSINESS YOU DESIRE PROFITABLE. THIS SUM OF US$.M AND DIAMOND HAS SECRETLY BEEN DEPOSITED INTO A CONFIDENTIAL SECURITY COMPANY, WHERE IT CAN EASILY BEEN WITHDRAWN OR PAID TO A RECOMMENDED BENEFICIARY. THIS FUNDS WILL BE RELEASED TO YOU BY THE SECURITY COMPANY BASED ON MY RECOMMENDATIONS ON THAT NOTE, YOU WILL BE PRESENTED AS MY PARTNER WHO WILL BE FRONTING FOR ME AND MY FAMILY IN ANY SUBSEQUENT VENTURES. TO SHOW MY PREPAREDNESS AND THE APPRECIATION TO CONDUCT THIS BUSINESS WITH YOU I SHALL GIVE YOU % OF THE FUNDS AND % COMMISSION ON ANY PROFIT REALIZABLE IN THE PROCESS OF INVESTMENT OF THIS FUNDS FOR YOUR ROLE IN THIS BUSINESS,WE ARE WILLING TO MAKE AVAILABLE % FOR ANY EVENTUAL EXPENSE THAT MAY OCCUR IN THE PROCESS OF THIS TRANSACTION. PLEASE, I NEED YOUR ENTIRE SUPPORT AND CO-OPERATION FOR THE SUCCESS OF THIS BUSINESS VENTURES, YOUR UTMOST CONFIDENTIALITY AND SECRECY IS HIGHLY REQUIRED, DUE TO MY FAMILY PRESENT PREDICAMENT. I SINCERELY WILL APPRECIATE YOUR ACKNOWLEDGEMENT AS SOON AS POSSIBLE. YOU CAN MAIL ME ON THIS Best regards, MR. NZANGA MOBUTU.",1,0.99981946,"Subject: Request for Support in Overseas Asset Transition and Partnership

Greetings,

I hope this message finds you well.

I am a relative of a former head of state from Central Africa. As you may be aware, my family is currently in a transitional situation involving financial matters with the new government administration, which has resulted in limited access to certain international systems.

Due to the current diplomatic environment and the evolving nature of our connections with institutions abroad, it has become increasingly difficult to manage our resources globally.

In light of this, I am reaching out for your assistance with overseeing a confidential arrangement involving a portion of family-held assets. These resources are currently safeguarded through a discreet financial service provider and can be allocated to a trusted associate upon authorization.

You would be listed as an external representative, assisting with subsequent planning and resource management. A proportional share of the asset value and any resulting opportunities will be extended to you as appreciation for your participation. Additional allocation is reserved for any necessary procedures involved.

I kindly ask for your consideration and assurance of confidentiality as we explore this opportunity together.

Please respond via this address if you are open to discussing this matter further: nzangamobutu@myself.com

Warm regards,
Nzanga M.",0.999805986881256,"Subject: Inquiry Regarding External Liaison for Account Transfer

Hello,

I am contacting you with respect to a matter involving financial operations linked to a private family portfolio. The context involves adjustments in administrative access following transitions within a central African nation‚Äôs leadership.

Due to ongoing realignment with external institutions, logistical constraints have impacted access to designated accounts. A portion of the portfolio remains with an independent intermediary entity and may be reassigned to an approved contact following standard verification procedures.

We are currently reviewing potential candidates for external liaison roles to support basic planning and oversight tasks related to this account. Should this be of interest, we would be prepared to outline a compensation structure proportional to any administrative involvement.

If this is something you would be willing to consider, please direct responses to: nzangamobutu@myself.com

We ask that communication regarding this inquiry remain confidential.

Sincerely,
N. M.",0.9988362193107604,"Subject: Inquiry Notice: Liaison Candidate Review for Procedural Coordination

This notification concerns transitional procedural planning associated with designated holdings in a regional administrative framework.

Following realignment within certain governance structures, access mechanisms related to specific logistical channels are subject to temporary limitation. Portions of the overall framework remain under the oversight of an intermediary organization.

An external liaison is being considered for routine coordination roles. Responsibilities would relate to procedural alignment and operational tracking. All tasks are confined to documentation and compliance review within established structures.

For access to related documentation, contact:
üìß nzangamobutu@myself.com
(Please reference this notice.)

All correspondence is considered confidential and informational only.

‚Äî Coordination Review Unit",0.00046393589582294226
2941,"We offer some of the best bulk e-mail prices on the Internet.  
Bulk e-mail can get you the best exposure on the net. What makes 
this kind of advertising so effective is the fact that you go to the 
potential customer. Not like search engines or print ads that the 
potential customer has to do all the searching.  Dollar for dollar 
bulk e-mailing is also the most economical.  We do all the mailing for 
you. You just provide us with the ad!  It's that simple!

What we offer:

STANDARD PRICING: (Emails Delivered)

GENERAL MAILING        
 
250,000 - $200.00 _____  
 
500,000 - $300.00 ______ 
 
1,000,000 - $400.00  _____ 

WE ALSO HAVE LARGER PACKAGES!

24/7 Bulk Mailing Service has opening for one new customer..
Your message emailed to millions and millions every day non stop 7 days a week.
Average between 3-5 million per day depending on message size etc.
You will receive more leads and business than you ever imagined.
Price is $2500.00 per week.Other bulk mailers charge from $500-$750 or 
more per each million emails sent.With our 24/7 plan, you only pay for 
the first 5 million, and the remaining 15-30 million are Free.
We only have one opening available, so respond now if you are 
interested.



IF YOU PLACE AN ORDER WITHIN 48 hours YOU GET 200,000 FREE E-MAILS 
SENT!  


Call for bigger packages!  ORDER NOW!!! AND GET THE RIGHT EXPOSURE!

So why not give us a call and see what it is that we can do for you.  
call anytime 308-650-5905.



Do not reply to this message - 
To be off from future mailings:
mailto:trudymail2002@themail.com?Subject=nomore4me



","We offer some of the best bulk e-mail prices on the Internet. Bulk e-mail can get you the best exposure on the net. What makes this kind of advertising so effective is the fact that you go to the potential customer. Not like search engines or print ads that the potential customer has to do all the searching. Dollar for dollar bulk e-mailing is also the most economical. We do all the mailing for you. You just provide us with the ad! It's that simple! What we offer: STANDARD PRICING: (Emails Delivered) GENERAL MAILING , - $. _____ , - $. ______ ,, - $. _____ WE ALSO HAVE LARGER PACKAGES! / Bulk Mailing Service has opening for one new customer.. Your message emailed to millions and millions every day non stop days a week. Average between - million per day depending on message size etc. You will receive more leads and business than you ever imagined. Price is $. per week.Other bulk mailers charge from $-$ or more per each million emails sent.With our / plan, you only pay for the first million, and the remaining - million are Free. We only have one opening available, so respond now if you are interested. IF YOU PLACE AN ORDER WITHIN hours YOU GET , FREE E-MAILS SENT! Call for bigger packages! ORDER NOW!!! AND GET THE RIGHT EXPOSURE! So why not give us a call and see what it is that we can do for you. call anytime --. Do not reply to this message - To be off from future mailings:",1,0.99968016,"Subject: Promotional Email Distribution Services ‚Äî Inquiry Welcome

We provide cost-effective outreach solutions for high-volume email distribution.

Direct email campaigns can help you reach a wider audience by delivering your content directly to inboxes. Unlike search engines or traditional advertising channels, this form of outreach ensures proactive engagement with your target market. For budget-conscious campaigns, it‚Äôs among the most efficient solutions available.

Our team manages the distribution process end-to-end ‚Äî all you need to provide is your content.

Services Offered:

Standard Distribution Plans (Volume-Based)
	‚Ä¢	Up to 250,000 recipients ‚Äì $200
	‚Ä¢	Up to 500,000 recipients ‚Äì $300
	‚Ä¢	Up to 1,000,000 recipients ‚Äì $400

Extended Packages Available Upon Request

Our team currently has space to onboard one additional campaign partner.
Ongoing message delivery is available throughout the week, with estimated reach between 3 to 5 million contacts per day (depending on content format and volume).

Clients may experience a notable increase in lead generation and engagement.
Our 7-day full-access plan starts at $2,500/week. Unlike other services that may charge per million contacts, our structure includes extended coverage beyond the first tier at no extra cost.

Bonus: For agreements finalized within 48 hours, we‚Äôre including an additional 200,000 complimentary messages.

‚∏ª

Interested in learning more? Let‚Äôs talk.
Call anytime: 308-650-5905

To unsubscribe from future notices:
mailto:trudymail2002@themail.com?Subject=nomore4me",0.9987356066703796,"Subject: Volume Email Distribution Overview ‚Äì General Information

Cost-effective outreach services are available for organizations seeking high-volume communication channels.

Targeted email distribution remains an efficient method for delivering information to a broad audience. Unlike passive advertising channels, this approach supports consistent, proactive message visibility. For budget-conscious outreach strategies, this method offers significant value.

Distribution processes are handled end-to-end. Content materials are accepted in standard format.

Available Distribution Packages (Tiered by Volume):
	‚Ä¢	Up to 250,000 records ‚Äì $200
	‚Ä¢	Up to 500,000 records ‚Äì $300
	‚Ä¢	Up to 1,000,000 records ‚Äì $400

Additional tiers may be discussed upon inquiry.

Current onboarding availability allows for one new campaign allocation. Messaging cycles operate throughout the week, with estimated daily throughput ranging from 3 to 5 million data points, subject to file specifications.

Performance may result in elevated engagement and interest levels. A seven-day delivery cycle begins at $2,500, inclusive of expanded delivery beyond initial thresholds.

Early confirmation within 48 hours qualifies for a 200,000-message extension at no additional cost.

‚∏ª

For clarification or additional details, please use the contact number provided:
308-650-5905

To discontinue future notifications:
mailto:trudymail2002@themail.com?Subject=nomore4me",0.6712936758995056,"Subject: Communication Distribution Tiers ‚Äì Service Overview

This outline provides technical details on tiered communication scheduling designed for organizations operating at scale.

The platform enables automated sequences for broad informational routing. Unlike passive awareness formats, structured scheduling supports consistent circulation patterns within planned distribution intervals. For operations requiring scheduled throughput, this method ensures measurable consistency.

All processing is managed in a closed system. Input templates are standardized.

Throughput Tiers (Per Cycle):
	‚Ä¢	Tier 1: up to 250,000 entries ‚Äì $200
	‚Ä¢	Tier 2: up to 500,000 entries ‚Äì $300
	‚Ä¢	Tier 3: up to 1,000,000 entries ‚Äì $400

Customized configurations may be arranged upon request.

The system currently supports onboarding of one additional participant cycle. Typical routing operates 7 days per week, with daily metrics between 3‚Äì5 million units depending on input format.

Baseline usage for full-week cycles begins at $2,500, inclusive of resources exceeding the top tier.

Bonus provision: Confirmed entry within 48 hours enables extension of an additional 200,000 routed units at no charge.

‚∏ª

For additional procedural specifications, contact:
üìû 308-650-5905

To opt out of notifications:
mailto:trudymail2002@themail.com?Subject=nomore4me",0.0008025175775401294
2606," 
    
   You have received a file via linkedln
   
    
    

   
    
   
    
    
    
	 	  
    
  	 .pdf	 
  Views
   
    
	 	  
    
	  
    
	  
   File size 2.6MB } Expires 20/01/2020.
   
    
   
    
    
    
	  
    
	  
    
  Preview  / Download
   
    
   
    
 
   
  
   
    
    
   
   ¬© 2019 LinkedIn Ireland Unlimited Company. LinkedIn, the LinkedIn logo, and InMail are registered trademarks of LinkedIn Corporation in the United States and/or other countries. All rights reserved.
   
    
  You are receiving Professional Identity Digest emails. Unsubscribe
  
  This email was intended for Lia Sloof RPP (Bestuurslid VNSa at Vereniging van Nederlandse Salarisadministrateurs (VNSa)). Learn why we included this.
  If you need assistance or have questions, please contact LinkedIn Customer Service.
   
    
  LinkedIn is a registered business name of LinkedIn Ireland Unlimited Company.
  Registered in Ireland as a private unlimited company, Company Number 477441
  Registered Office: Wilton Plaza, Wilton Place, Dublin 2, Ireland
   
    

 
 
   	 Virus-free. www.avast.com ","You have received a file via linkedln .pdf Views File size .MB } Expires //. Preview / Download ¬© LinkedIn Ireland Unlimited Company. LinkedIn, the LinkedIn logo, and InMail are registered trademarks of LinkedIn Corporation in the United States and/or other countries. All rights reserved. You are receiving Professional Identity Digest emails. Unsubscribe This email was intended for Lia Sloof RPP (Bestuurslid VNSa at Vereniging van Nederlandse Salarisadministrateurs (VNSa)). Learn why we included this. If you need assistance or have questions, please contact LinkedIn Customer Service. LinkedIn is a registered business name of LinkedIn Ireland Unlimited Company. Registered in Ireland as a private unlimited company, Company Number Registered Office: Wilton Plaza, Wilton Place, Dublin , Ireland Virus-free.",1,0.9985624,"Subject: Document Access Notification ‚Äî Review Requested

You have been notified of a document shared through LinkedIn services.

¬†
¬†

¬†

¬†

üìÑ Document
Preview Available
Size: 2.6MB | Access valid until: 20/01/2020

[View Document]

¬†
¬†

¬© 2019 LinkedIn Ireland. LinkedIn and the LinkedIn logo are registered marks of LinkedIn Corporation in the United States and/or elsewhere. All rights reserved.

You are subscribed to receive updates related to your professional profile. [Unsubscribe]

This email was sent to Lia Sloof RPP (Bestuurslid VNSa at Vereniging van Nederlandse Salarisadministrateurs). [Learn more about why this was sent]
If you have any concerns, please contact LinkedIn Help Center.

LinkedIn operates under LinkedIn Ireland.
Registered in Ireland ‚Äî Company No. 477441
Office Address: Wilton Plaza, Wilton Place, Dublin 2, Ireland

¬†

Security scanned by system tools.",0.9258358478546144,"Subject: Notification: New Record Available for Review

A digital file has been made available via LinkedIn‚Äôs internal delivery system.

¬†

üóÇÔ∏è File Reference
Preview supported
Size Category: Standard | Valid until: 20/01/2020

[Review File]

¬†

¬© 2019 LinkedIn Ireland. The LinkedIn name and logo are recognized assets of LinkedIn Corporation and its regional entities. All rights reserved.

This update was issued in relation to an organizational profile. [Unsubscribe]

Message directed to: Lia Sloof RPP (Bestuurslid VNSa at Vereniging van Nederlandse Salarisadministrateurs)
[Explanation for this message]
For general questions, refer to LinkedIn‚Äôs online resource center.

Operations handled by LinkedIn Ireland
Registry ID: 477441
Facility: Wilton Plaza, Wilton Place, Dublin 2, Ireland

¬†

Scanning procedures have confirmed content stability.",0.5107566714286804,"Subject: Document Access Reference ‚Äî Organizational Entry

An item has been logged through LinkedIn‚Äôs internal platform and is now accessible for reference.

‚∏ª

üìÑ Reference Entry
Access enabled
Classification: Standard | Access expires on: 20/01/2020

[Open Entry]

‚∏ª

¬© 2019 LinkedIn Ireland. LinkedIn name and logo are official trademarks under regional license. All rights reserved.

This item was generated in association with an organizational profile update. [Unsubscribe]

Message routed to: Lia Sloof RPP (Bestuurslid VNSa at Vereniging van Nederlandse Salarisadministrateurs)
[Explanation provided]
For documentation inquiries, please consult the LinkedIn support page.

Administrative operations managed by LinkedIn Ireland
Entity No. 477441
Wilton Plaza, Wilton Place, Dublin 2, Ireland

‚∏ª

Integrity checks have confirmed system consistency.",0.06581923365592957
1601,"Ms. Anita Obadan
Tenders Board,
Indepedent National electoral Commission
Lagos, Nigeria.

Dear Friend,

I guess this letter may come to you as surprise since I had no previous correspondence with you.

I am the Secretary, tenders board of independent national Electoral commission (INEC). I got your contact in  my Search for a reliable person handle a very confidential Transaction involving the transfer of US$16.5 million.

The above fund is not connected with arms, drugs or Money laundering. It is the product of an over invoiced Contract awarded in 2001 by INEC to a foreign company for the construction of high rise estate in the federal capital territory.

The contract has long been executed and payment of The actual contract amount has been paid to the Foreign contractor leaving the balance, which my colleagues and I now want to transfer out of Nigeria into a reliable foreign account for our personal use.
As civil servants we are not allowed to run foreign accounts. Hence we have chosen to front and support you as the Beneficiary to be paid.

If you are interested in the proposal contact the Chairman of the board Dr. Akinade Williams on: akinwills@netzero.com;  with the subject: (ANITA'S CONTACT) with your letter of acceptance along with your Direct telephone and fax numbers.If you use this subject, he will know that you are responding to the proposal that I sent to you.
 we have decided to share The money in the following percentage, 60% for us 30% for you The account owner and 10% for all local and international Expenses that may arise in the course of this transaction.

Further details about this transaction will be discussed in the subsequent correspondence.

Note also that the particular nature of Your business is irrelevant to this transaction and  all local contacts and arrangements are in place For a smooth and successful conclusion of this transaction.

Be informed that we are aware of the way email proposals of this type are being sent from this part of africa and as regards that,you should please treat this with utmost attention knowing fully well that you cannot and will not be compelled to assist us if you are not disposed to.

Contact me, or the Chairman via email with your contact telephone and fax Numbers, so that he can call you for a discussion.

Thank you as i await your response.

Sincerely,

Ms. Anita Obadan","Ms. Anita Obadan Tenders Board, Indepedent National electoral Commission Lagos, Nigeria. Dear Friend, I guess this letter may come to you as surprise since I had no previous correspondence with you. I am the Secretary, tenders board of independent national Electoral commission (INEC). I got your contact in my Search for a reliable person handle a very confidential Transaction involving the transfer of US$. million. The above fund is not connected with arms, drugs or Money laundering. It is the product of an over invoiced Contract awarded in by INEC to a foreign company for the construction of high rise estate in the federal capital territory. The contract has long been executed and payment of The actual contract amount has been paid to the Foreign contractor leaving the balance, which my colleagues and I now want to transfer out of Nigeria into a reliable foreign account for our personal use. As civil servants we are not allowed to run foreign accounts. Hence we have chosen to front and support you as the Beneficiary to be paid. If you are interested in the proposal contact the Chairman of the board Dr. Akinade Williams on: with the subject: (ANITA'S CONTACT) with your letter of acceptance along with your Direct telephone and fax numbers.If you use this subject, he will know that you are responding to the proposal that I sent to you. we have decided to share The money in the following percentage, % for us % for you The account owner and % for all local and international Expenses that may arise in the course of this transaction. Further details about this transaction will be discussed in the subsequent correspondence. Note also that the particular nature of Your business is irrelevant to this transaction and all local contacts and arrangements are in place For a smooth and successful conclusion of this transaction. Be informed that we are aware of the way email proposals of this type are being sent from this part of africa and as regards that,you should please treat this with utmost attention knowing fully well that you cannot and will not be compelled to assist us if you are not disposed to. Contact me, or the Chairman via email with your contact telephone and fax Numbers, so that he can call you for a discussion. Thank you as i await your response. Sincerely, Ms. Anita Obadan",1,0.9998264,"Ms. Anita Obadan
Administrative Board
Independent National Electoral Commission
Lagos, Nigeria

Hello,

I hope this message reaches you well, although we‚Äôve not been in prior contact.

I am currently working with the administrative division of Nigeria‚Äôs electoral body (INEC). Your contact was found during a search for a dependable individual who may assist with a confidential matter involving the management of external funds totaling approximately $16.5 million.

This amount is completely unrelated to any prohibited activities. It originates from a government contract issued in 2001 to a foreign construction firm, which has since completed its assigned work within the capital region.

Following full payment of the principal contract amount, an excess balance remains, which my associates and I are seeking to relocate for private purposes. Due to our official roles, we are not permitted to maintain external financial accounts. We are therefore looking to establish you as a designated recipient for this process.

If this is something you‚Äôd be open to assisting with, please contact Dr. Akinade Williams at: akinwills@netzero.com using the subject line: (Referral from Anita), and kindly include your written agreement as well as your contact number.

We are prepared to divide the funds as follows:
	‚Ä¢	60% retained by us
	‚Ä¢	30% designated for your support
	‚Ä¢	10% reserved for any logistical and coordination-related requirements

Further coordination and full procedural clarity will follow in subsequent messages.

The nature of your existing professional activity is not a concern here ‚Äî our internal preparations ensure that everything can proceed with stability.

We recognize the existence of similar messages originating from this region and the skepticism that may arise. However, we assure you of the integrity of our intent. If you are not inclined to be involved, we understand fully and thank you for your time.

Feel free to reply with your preferred contact information should you wish to explore this further.

Warm regards,
Anita Obadan",0.9997754693031312,"From: A. Obadan
Office of External Liaisons
Electoral Administrative Board
Lagos, West Africa

‚∏ª

Subject: Request for External Liaison ‚Äî Contract Finalization Process

Greetings,

This message concerns a procedural matter relating to the closeout of a completed infrastructure agreement initiated in 2001. The project, contracted to an international vendor, concluded with all deliverables fulfilled in accordance with initial terms.

Upon final reconciliation of payment schedules, a surplus amount was identified. Regulatory constraints applicable to public officials have restricted internal handling of said surplus.

Accordingly, an external contact is being reviewed for the purposes of formalizing a non-local handover. The intended recipient would serve as a third-party coordinator for administrative consolidation.

Correspondence regarding this matter may be directed to:
A. Williams at akinwills@netzero.com
Subject line: Reference: A. Obadan Referral
Kindly include a contact reference for return communication.

A provisional allocation plan has been drafted:
	‚Ä¢	60% internal retention
	‚Ä¢	30% for service coordination
	‚Ä¢	10% assigned to incidental requirements

All activity is subject to further instruction and process compliance measures.

This message is intended solely for informative purposes. If participation is not desired, no further action is necessary.

Sincerely,
A. Obadan",0.9403481483459472,"From: Coordination Desk
Administrative Transition Office
Regional Development Liaison Bureau

‚∏ª

Subject: Liaison Intake Review ‚Äî Post-Contractual Process Closure

This notice relates to the closure of procedural activity connected to a legacy infrastructure project initiated in 2001. The assignment, carried out by an international contractor, has concluded with full milestone completion under original agreement terms.

Following review of associated disbursement ledgers, a non-essential remainder was logged. In accordance with procedural norms, this balance is ineligible for internal allocation under standing regulatory provisions.

As such, a liaison intake process is in motion to identify an external point of contact for downstream coordination under designated channels.

Inquiries may be directed to:
üìß Contact: A. Williams | Email: akinwills@netzero.com
Please reference: Coordination Review Memo / A. Desk

Allocation structure (preliminary):
‚Ä¢ 60% internal holding
‚Ä¢ 30% routing and processing
‚Ä¢ 10% logistical margin reserve

All coordination remains conditional upon procedural compliance and internal clearance.

This communication is issued for informational purposes only. No response is required unless formally initiated.

‚Äî Administrative Review Office",0.0006898067076690495
2073,"

 Dear Partner,
 
I'm happy to inform you about my success in getting those funds transferred under the co-operation of a new partner from Venezuala.Presently i'm in Japan for investment projects with my own share of the total sum.meanwhile,i didn't forget your past efforts and attempts to assist me in transffering those funds despite that it failed us some how.
 
Now contact my secretary  his name is Mr.Elton Alagod,his email:( eltonalagod@myway.com ) ask him to send you the total $800,000.00 bank draft which i raised in your favour for your compensation for all the past efforts and attempts to assist me in this matter.i appreciated your efforts at that time very much.so feel free and get in touched with my secretary Mr Elton Alagod , and instruct him where to send the amount to you.

My regards to you and your family,
Barris George","Dear Partner, I'm happy to inform you about my success in getting those funds transferred under the co-operation of a new partner from Venezuala.Presently i'm in Japan for investment projects with my own share of the total sum.meanwhile,i didn't forget your past efforts and attempts to assist me in transffering those funds despite that it failed us some how. Now contact my secretary his name is Mr.Elton Alagod,his email:( ) ask him to send you the total $,. bank draft which i raised in your favour for your compensation for all the past efforts and attempts to assist me in this matter.i appreciated your efforts at that time very much.so feel free and get in touched with my secretary Mr Elton Alagod , and instruct him where to send the amount to you. My regards to you and your family, Barris George",1,0.9998227,"Hello,

I‚Äôm pleased to let you know that arrangements related to a prior financial process have been concluded successfully through the support of a new associate from Venezuela. I‚Äôm currently in Japan, focusing on future ventures and personal planning.

Though things didn‚Äôt work out the way we hoped in the past, I still truly value the effort you extended to help move things forward at that time.

To express my appreciation, I‚Äôve arranged for a gesture in your favor. Please get in touch with my assistant:

Name: Elton Alagod
Email: eltonalagod@myway.com

He has a certified document prepared in your name, which reflects the acknowledgement of your involvement. Kindly reach out and let him know how best to direct it to you.

Thank you again for your earlier support. I hope this finds you and your family well.

Warm wishes,
Barris George",0.9975191354751588,"Subject: Confirmation of Pending Acknowledgment

This notice pertains to the resolution of a previously discussed administrative matter.

A formal token of recognition has been prepared as part of the closure process. Coordination is being handled by a designated contact:

Contact: Elton Alagod
Email: eltonalagod@myway.com

A certified file is available and ready for delivery. Please indicate the preferred method for dispatch.

This follows the successful completion of procedural arrangements undertaken with support from an external participant.

All required documentation has been finalized and archived accordingly.

Thank you for prior involvement.

Sincerely,
B. George",0.04604397341609,"Subject: Confirmation of Pending Acknowledgment

This notice pertains to the resolution of a previously discussed administrative matter.

A formal token of recognition has been prepared as part of the closure process. Coordination is being handled by a designated contact:

Contact: Elton Alagod
Email: eltonalagod@myway.com

A certified file is available and ready for delivery. Please indicate the preferred method for dispatch.

This follows the successful completion of procedural arrangements undertaken with support from an external participant.

All required documentation has been finalized and archived accordingly.

Thank you for prior involvement.

Sincerely,
B. George",0.04604397341609001
3403,"ATTENTION.  Hello Sir,  I am  PRINCE OGO,a member of the Movement For Democratic Change in  Zimbabwe...my party is opposed to the Zanu-PF party of the incumbent  President Robert Mugabe.I went into a partnership with a white farmer  and a buisness man in Zimbabwe and as we progressed in buisness,i  bought  his ideas and philosophy which made me join the movement for  democratic  change which is dominated by the whites(of which my colleague is a top  member).   We control a greater portion of the white-dominated farms in Zimbabwe  and we are major shareholders in major companies in Zimbabwe.The Mugabe  government and his political associates are not tolerant with the  activities of the movement for demcratic change and he is using  indirect  guerilla war tactic to oppress the members.   Zimbabwe war veterans invaded our farm and confiscated some of our  assets and held us hostage.I managed to escape from their brutality but  my buisness partner die!
 d on the struggle.He left message that i should  sell off all our assets including the farms,estates and the companies  ensuring that his family relocates oversea and also to invest the money  propperly bearing in mined that the next step of the guerillas will be  to confiscate those remaining assets.   I have successfully sold off the remaining portion of our estate ,  companies and farms after which i managed with the help of the  immigration to sneak out of zimbabwe with my partner's family to  Dubai,so  right now we are in Dubai(UAE).The total sum in our possession at this  moment is US$18.5M(eighteen million and five hundred thousand dollers)  realised from the aution sales of the estate,farms and companies.  I got to know you from an internet database and from my careful  analysis  i realized that you could assist in this venture.All i want u to do is  to  assist us to relocate the money through your account in your  country  and also help !
 us to invest it properly in a good buisness when we get  to yo!
 ur count
ry.   I have two options for you,the first is that you could choose to have a  certain agreeable percentage of the money for nominating ur account for  this transaction,the other is you could as well go into a joint  buisness  partnership with me for proper investment of the fund in your contry.  Which ever way you want it,feel free to notify me.I have also mapped  out  %5 of the money for all kinds of expenses incured in the process of  the  transaction and if you dont prefer joint partnership,i am offering you  %20 of the fund while the rest %75 will be for my investment.   Please i need your reply urgently to let me know if you are capable to  assist me and if you are comfortable with my offer so that we can  proceed.                       Regards..                    PRINCE OGO	","ATTENTION. Hello Sir, I am PRINCE OGO,a member of the Movement For Democratic Change in Zimbabwe...my party is opposed to the Zanu-PF party of the incumbent President Robert Mugabe.I went into a partnership with a white farmer and a buisness man in Zimbabwe and as we progressed in buisness,i bought his ideas and philosophy which made me join the movement for democratic change which is dominated by the whites(of which my colleague is a top member). We control a greater portion of the white-dominated farms in Zimbabwe and we are major shareholders in major companies in Zimbabwe.The Mugabe government and his political associates are not tolerant with the activities of the movement for demcratic change and he is using indirect guerilla war tactic to oppress the members. Zimbabwe war veterans invaded our farm and confiscated some of our assets and held us hostage.I managed to escape from their brutality but my buisness partner die! d on the struggle.He left message that i should sell off all our assets including the farms,estates and the companies ensuring that his family relocates oversea and also to invest the money propperly bearing in mined that the next step of the guerillas will be to confiscate those remaining assets. I have successfully sold off the remaining portion of our estate , companies and farms after which i managed with the help of the immigration to sneak out of zimbabwe with my partner's family to Dubai,so right now we are in Dubai(UAE).The total sum in our possession at this moment is US$.M(eighteen million and five hundred thousand dollers) realised from the aution sales of the estate,farms and companies. I got to know you from an internet database and from my careful analysis i realized that you could assist in this venture.All i want u to do is to assist us to relocate the money through your account in your country and also help ! us to invest it properly in a good buisness when we get to yo! ur count ry. I have two options for you,the first is that you could choose to have a certain agreeable percentage of the money for nominating ur account for this transaction,the other is you could as well go into a joint buisness partnership with me for proper investment of the fund in your contry. Which ever way you want it,feel free to notify me.I have also mapped out % of the money for all kinds of expenses incured in the process of the transaction and if you dont prefer joint partnership,i am offering you % of the fund while the rest % will be for my investment. Please i need your reply urgently to let me know if you are capable to assist me and if you are comfortable with my offer so that we can proceed. Regards.. PRINCE OGO",1,0.9998103,"Subject: Request for Support with Relocation of Resources

Greetings,

I hope this finds you well. I am reaching out regarding a situation connected to business developments in Zimbabwe.

I was previously involved in a partnership within the agricultural and commercial sector alongside a close associate, during which we established a number of operations in the region. Due to changing circumstances and political shifts, several of our interests were impacted.

Following serious unrest, our ventures faced escalating challenges. With assistance, I was able to leave the country and ensure the safe relocation of my associate‚Äôs family. Unfortunately, he did not survive the events that unfolded.

In alignment with his intentions, I took steps to close out our holdings, including property and company assets. The returns from these actions are currently held securely with us in Dubai. The total value of this portfolio is estimated at approximately $18.5 million USD.

In reviewing trusted contacts from an international business platform, I came across your information. I believe there may be an opportunity to partner with someone externally who can facilitate the structured transition and future application of these resources.

There are two ways we might collaborate:
	‚Ä¢	You may support by serving as a financial contact and would receive a percentage of the available funds.
	‚Ä¢	Alternatively, you could explore a joint venture with us, and we could work together to develop a business in your region.

A separate allocation has been designated to cover all steps necessary in the handling of this matter.

Please share your interest and preferred approach, and I will be happy to continue this conversation.

Sincerely,
Ogo",0.9997931122779846,"Subject: External Liaison Inquiry for Project Finalization

This message refers to the completion of a series of commercial projects previously operated in a Southern African jurisdiction.

A former business associate had maintained multiple holdings in the agricultural and logistics sectors. Following developments in the regional political landscape, it became necessary to initiate closure and reallocation procedures for those interests.

Assets were divested, and proceeds are now secured in a holding structure outside the region. The total amount currently under management is valued at approximately $18.5 million USD.

A review of available channels led to this point of contact. The objective is to identify an external liaison for procedural coordination regarding the next phase of repositioning and resource management.

Engagement may proceed along one of two models:
	‚Ä¢	A contact entity may be nominated to support disbursement logistics, with corresponding administrative value transferred;
	‚Ä¢	Alternatively, a collaborative enterprise may be considered under mutual terms.

Allocated resources are reserved for all formal requirements, including facilitation and compliance.

If further information is needed to evaluate potential participation, please indicate availability for follow-up.

Respectfully,
O. G.",0.0372961908578872,"Subject: External Liaison Inquiry for Project Finalization

This message refers to the completion of a series of commercial projects previously operated in a Southern African jurisdiction.

A former business associate had maintained multiple holdings in the agricultural and logistics sectors. Following developments in the regional political landscape, it became necessary to initiate closure and reallocation procedures for those interests.

Assets were divested, and proceeds are now secured in a holding structure outside the region. The total amount currently under management is valued at approximately $18.5 million USD.

A review of available channels led to this point of contact. The objective is to identify an external liaison for procedural coordination regarding the next phase of repositioning and resource management.

Engagement may proceed along one of two models:
	‚Ä¢	A contact entity may be nominated to support disbursement logistics, with corresponding administrative value transferred;
	‚Ä¢	Alternatively, a collaborative enterprise may be considered under mutual terms.

Allocated resources are reserved for all formal requirements, including facilitation and compliance.

If further information is needed to evaluate potential participation, please indicate availability for follow-up.

Respectfully,
O. G.",0.03729619085788727
517,"              FROM SAMUEL & BEKIJA  ZUMA       COTE D IVOIRE
WEST AFRICA

DEAR FRIEND,

PERMIT US TO INFORM YOU OF OUR DESIRE OF ENTERING INTO BUSINESS RELATIONSHIP WITH YOU, WE GOT YOUR CONTACT THROUGH A FRIEND WHO WORKS IN THE HUMAN RIGHTS COMMISSION HERE IN ABIDJAN COTE D IVOIRE, I PRAYED OVER IT AND SELECTED YOU  AMOUNG OTHER PEOPLE DUE TO SESTEMING NATURE AND THE RECOMMENDATIONS GIVEN TO ME AS A REPUTABLE AND TRUSTWORTHY PERSON WE CAN DO BUSINESS WITH AND BY THEIR RECOMMENDATIONS WE MUST NOT HESITATE CONFIDE IN YOU FOR THIS SIMPLE AND SINCERE BUSINESS.

I AM BEKIJA ZUMA AND YOUNGER BROTHER SAMUEL ZUMA,THE ONLY CHILDREN OF LATE MR CHIEF HENNRY ZUMA , OUR FAHTER WAS A VERY WEALTHY COCOA  MERCHANT BASED IN ABIDJAN THE ECONOMIC CAPITAL OF IVORY COAST BEFORE HE WAS POISONED TO DEATH BY HIS BUSINESS ASSOCIATES ON ONE OF THEIR OUTING TO DISCUSS ON A BUSINESS DEAL. WHEN OUR MOTHER DIED ON 1ST OCTOBER 1999.

OUR FATHER TOOK US SO SPECIAL BECAUSE WE ARE MOTHERLESS. BEFORE THE DEATH
OF OUR FATHER ON 29TH AUGUST 2004 IN A PRIVATE HOSPITAL HERE IN ABIDJAN.
HE SECRETLY CALLED ME ON HIS BEDSIDE AND TOLD ME THAT HE HAS A SUM OF US$12.500.000.00 (TWELVE MILLION FIVE HUNDRED THOUSAND, UNITED STATES DOLLARS) LEFT IN ONE OF THE
LOCAL BANKS HERE IN ABIDJAN. THAT HE USED MY NAME AS HIS BELOVED DUAGHTER FOR THE NEXT OF KIN IN DEPOSIT OF THE FUND.

HE ALSO EXPLAINED TO US THAT IT WAS BECAUSE OF THIS WEALTH THAT HE WAS POISONED
BY HIS BUSINESS ASSOCIATES, THAT I SHOULD SEEK FOR A FOREIGN PARTNER IN
A COUNTRY OF OUR CHOICE WHERE I WILL TRANSFER THIS MONEY AND USE IT FOR
INVESTMENT PURPOSE. (SUCH AS REAL ESTATE MANAGEMENT). I AM HONOURABLY SEEKING YOUR ASSISTANCE IN THE FOLLOWING WAYS .

TO PROVIDE A BANK ACCOUNT WHERE THIS MONEY WOULD BE TRANSFERED TO SERVE AS THE GUARDIAN OF THIS FUND SINCE I AM A GIRL OF 22 YEARS TO MAKE ARRANGEMENT FOR US TO COME OVER TO YOUR COUNTRY TO FURTHER OUR EDUCATION AND TO SECURE A RESIDENTIAL PERMIT IN YOUR COUNTRY.

WE ARE WILLING TO OFFER YOU 20% OF THE TOTAL SUM AS COMPENSATION FOR YOUR EFFORT INPUT AFTER THE SUCCESSFUL TRANSFER OF THIS FUND TO YOUR NOMINATED ACCOUNT OVERSEAS. FURTHERMORE, YOU CAN INDICATE YOUR OPTION TOWARDS ASSISTING US AS WE BELIEVE THAT THIS TRANSACTION WOULD BE CONCLUDED WITHIN SEVEN (7) DAYS YOU SIGNIFY INTEREST TO ASSIST US. WE WILL APPRECIATE YOU SEND US E-MAIL. samuel_bekija92005@yahoo.es

ANTICIPATING TO HEAR FROM YOU SOON.

THANKS AND GOD BLESS.
SAMUEL AND BEKIJA ZUMA










		
---------------------------------

LLama Gratis a cualquier PC del Mundo.
Llamadas a fijos y moviles desde 1 centimo por minuto.
http://es.voice.yahoo.com","FROM SAMUEL & BEKIJA ZUMA COTE D IVOIRE WEST AFRICA DEAR FRIEND, PERMIT US TO INFORM YOU OF OUR DESIRE OF ENTERING INTO BUSINESS RELATIONSHIP WITH YOU, WE GOT YOUR CONTACT THROUGH A FRIEND WHO WORKS IN THE HUMAN RIGHTS COMMISSION HERE IN ABIDJAN COTE D IVOIRE, I PRAYED OVER IT AND SELECTED YOU AMOUNG OTHER PEOPLE DUE TO SESTEMING NATURE AND THE RECOMMENDATIONS GIVEN TO ME AS A REPUTABLE AND TRUSTWORTHY PERSON WE CAN DO BUSINESS WITH AND BY THEIR RECOMMENDATIONS WE MUST NOT HESITATE CONFIDE IN YOU FOR THIS SIMPLE AND SINCERE BUSINESS. I AM BEKIJA ZUMA AND YOUNGER BROTHER SAMUEL ZUMA,THE ONLY CHILDREN OF LATE MR CHIEF HENNRY ZUMA , OUR FAHTER WAS A VERY WEALTHY COCOA MERCHANT BASED IN ABIDJAN THE ECONOMIC CAPITAL OF IVORY COAST BEFORE HE WAS POISONED TO DEATH BY HIS BUSINESS ASSOCIATES ON ONE OF THEIR OUTING TO DISCUSS ON A BUSINESS DEAL. WHEN OUR MOTHER DIED ON ST OCTOBER . OUR FATHER TOOK US SO SPECIAL BECAUSE WE ARE MOTHERLESS. BEFORE THE DEATH OF OUR FATHER ON TH AUGUST IN A PRIVATE HOSPITAL HERE IN ABIDJAN. HE SECRETLY CALLED ME ON HIS BEDSIDE AND TOLD ME THAT HE HAS A SUM OF US$... (TWELVE MILLION FIVE HUNDRED THOUSAND, UNITED STATES DOLLARS) LEFT IN ONE OF THE LOCAL BANKS HERE IN ABIDJAN. THAT HE USED MY NAME AS HIS BELOVED DUAGHTER FOR THE NEXT OF KIN IN DEPOSIT OF THE FUND. HE ALSO EXPLAINED TO US THAT IT WAS BECAUSE OF THIS WEALTH THAT HE WAS POISONED BY HIS BUSINESS ASSOCIATES, THAT I SHOULD SEEK FOR A FOREIGN PARTNER IN A COUNTRY OF OUR CHOICE WHERE I WILL TRANSFER THIS MONEY AND USE IT FOR INVESTMENT PURPOSE. (SUCH AS REAL ESTATE MANAGEMENT). I AM HONOURABLY SEEKING YOUR ASSISTANCE IN THE FOLLOWING WAYS . TO PROVIDE A BANK ACCOUNT WHERE THIS MONEY WOULD BE TRANSFERED TO SERVE AS THE GUARDIAN OF THIS FUND SINCE I AM A GIRL OF YEARS TO MAKE ARRANGEMENT FOR US TO COME OVER TO YOUR COUNTRY TO FURTHER OUR EDUCATION AND TO SECURE A RESIDENTIAL PERMIT IN YOUR COUNTRY. WE ARE WILLING TO OFFER YOU % OF THE TOTAL SUM AS COMPENSATION FOR YOUR EFFORT INPUT AFTER THE SUCCESSFUL TRANSFER OF THIS FUND TO YOUR NOMINATED ACCOUNT OVERSEAS. FURTHERMORE, YOU CAN INDICATE YOUR OPTION TOWARDS ASSISTING US AS WE BELIEVE THAT THIS TRANSACTION WOULD BE CONCLUDED WITHIN SEVEN () DAYS YOU SIGNIFY INTEREST TO ASSIST US. WE WILL APPRECIATE YOU SEND US E-MAIL. ANTICIPATING TO HEAR FROM YOU SOON. THANKS AND GOD BLESS. SAMUEL AND BEKIJA ZUMA --------------------------------- LLama Gratis a cualquier PC del Mundo. Llamadas a fijos y moviles desde centimo por minuto.",1,0.99980134,"From: Samuel & Bekija Zuma
Location: C√¥te d‚ÄôIvoire, West Africa

Subject: Proposal for Business Support and Educational Opportunity

Hello,

We hope this message reaches you well. We‚Äôre writing to explore the possibility of a professional collaboration.

We are Samuel and Bekija Zuma, siblings and children of the late Chief Henry Zuma ‚Äî a successful cocoa trader formerly operating in Abidjan, C√¥te d‚ÄôIvoire‚Äôs commercial capital. Following unfortunate events involving our father‚Äôs former business circle, we‚Äôve faced significant changes and challenges.

Before his passing in 2004, our father entrusted us with information about financial holdings ‚Äî specifically, a deposit of approximately $12.5 million USD made in a secure account under our family name. We were advised to seek international guidance in identifying a safe location where this resource could be transferred for investment purposes. One area of focus we hope to pursue is real estate development and educational advancement.

We are reaching out to you with the hope that you might be open to supporting this process by:
	‚Ä¢	Facilitating the secure transition of the funds to a financial account in your region.
	‚Ä¢	Advising or participating in responsible investment opportunities.
	‚Ä¢	Assisting us in arrangements for residency and continued learning abroad.

Should you be open to a supportive role in this process, we are prepared to allocate a portion of the total amount in recognition of your contribution. We believe that, with the right structure, this can be resolved efficiently and transparently.

If this is of interest, you may reach us at: samuel_bekija92005@yahoo.es

We‚Äôre grateful for your time and consideration.

Warm regards,
Samuel and Bekija Zuma",0.9998137354850768,"From: Coordination Office ‚Äì S. & B. Zuma
Region: West Africa

Subject: Request for Coordination on International Asset Transfer

This communication relates to the transition of a dormant capital account linked to a defunct trading estate previously registered in C√¥te d‚ÄôIvoire.

As part of succession procedures, a final stage in the reallocation of liquid assets is being scheduled. The estate in question involved historical engagement in agricultural export markets and includes holdings presently situated with a private custodian entity.

To proceed, external coordination is being sought to identify a potential liaison for formal account reception and planning. Involvement would include participation in routine facilitation and advisory activities related to reinvestment and relocation logistics.

Arrangements include:
	‚Ä¢	Reserved value for administrative services rendered
	‚Ä¢	Optional participation in structured commercial planning
	‚Ä¢	Follow-up on residency processes in coordination with legal counsel

Additional information can be provided upon indication of availability for correspondence. Communications should be directed to:

üìß Contact Email: samuel_bekija92005@yahoo.es

This is a limited-scope inquiry. No further action is required unless interest is indicated.

Sincerely,
Coordination Office ‚Äì S. & B. Zuma",0.9993845224380492,"From: Coordination Unit ‚Äì Administrative Review
Region: West Africa

Subject: Contact Eligibility Notice ‚Äî Project Realignment Planning

This communication pertains to an upcoming review of liaison eligibility for procedural planning tasks related to a legacy administrative file originating from C√¥te d‚ÄôIvoire.

As part of operational wind-down, final coordination measures are being outlined. The originating structure was historically connected to international agricultural operations and is presently listed within a regional custodial register.

An intake review is underway to identify non-local parties for scheduled administrative routing under authorized process tracks.

Engagement scope may include:
	‚Ä¢	Logistical review of residual filing entries
	‚Ä¢	Administrative coordination under process framework
	‚Ä¢	Relocation planning based on documented guidelines

This is a limited distribution notice. Communications may be directed to:

üìß Intake Contact: samuel_bekija92005@yahoo.es

No response is required unless interest in eligibility is indicated.

‚Äî Administrative Oversight Office",0.0005353846354410052
3182,"USAA Security Preferences Message Alert.Click below to view secured Message
    
  ",USAA Security Preferences Message Alert.Click below to view secured Message,1,0.9907334,"USAA Preferences Notification
Please see below to access your authorized communication.",0.966472029685974,"USAA Preferences Update
Kindly refer to the information provided further down for more details.",0.0013229065807536,"USAA Preferences Update
Kindly refer to the information provided further down for more details.",0.0013229065807536244
308,">From The Desk of Mr. Gary Fredricks
Head of Foreign Operations 
5, mall London Road, 
Swanley Kent BR8 7WL
London EC2R 8BP,
United Kingdom.
TEL: +44-704-0185-556
FAX 44-7005-921-605
E-mail: mrgary_fredricks@yahoo.de

Dear Partner,

Do accept my sincere apologies if my mail does not meet your personal ethics.  For i know this may seem like a complete intrusion to your privacy but right about now this is my option of communication. This note might seem strange or probably untrue considering the amount of junk mails we receive daily, but i believe this is still the most genuine way of contacting a true character. 

I will introduce myself as the Head of Foreign Operations Department in the accounts management section this well-known bank here in the United Kingdom as Stated above. I am seeking your cooperation to present you to my bank as the Next of kin to LATE ANDREA SCHRANNER. A Germany property Magnate Andreas Schranner, 64, his wife Maria, 62, their daughter Andrea Eich, 38, her husband Christian, 57, and their children Katharina, eight, and Maximilian, 10, all perished in the jet.

Please click here below for verification. 

http://news.bbc.co.uk/1/hi/world/europe/859479.stm
 
PROPOSITION:
One of late Andrea Schranner's accounts with holding balance of 15,000,000(Fifteen Million British Pounds) has been dormant and has not been operated for the past 5 years and the DEPOSIT will be converted to UNCLAIMED  DEPOSIT and therefore forfeited if nobody comes forward to lay claim to the deposit before the end of this financial quarter, as is the practice and also indicated in the EU banking guidelines.
 
>From my investigations and confirmation, the owner of this account a foreigner by name Late Andrea Schranner's died on MONDAY, 31 JULY,2000 in a plane crash with his family.

After going through the deceased records and files, I discovered that: 
(1) No one has operated this account since 2000;
(2) He died without a heir; hence the money has been floating. 
(3) No other person knows about this account and there was no known beneficiary. 

And if we do not remit this money urgently, it would be confiscated and forfeited for nothing. I have secretly discussed this matter with account officer and we have agreed to find a reliable foreign partner to deal with. We thus propose to do business with you, standing in as the next of kin of these funds from the deceased and funds released to you after due processes have been followed. 
 
This transaction is totally free of risk and troubles as the fund is a legitimate and does not originate from drug, money laundering, terrorism or any other illegal act. On your interest, let me hear from you.


On your interest, let me have your private/direct contact numbers including fax and a copy of your International Passport or driver's license for easy communication, identification and trust. I must be reached only on my private contact details for confidential reasons.


 
Regards,
Mr. Gary Fredricks
TEL: +44-704-0185-556
FAX 44-7005-921-605",">From The Desk of Mr. Gary Fredricks Head of Foreign Operations , mall London Road, Swanley Kent BR WL London ECR BP, United Kingdom. TEL: +--- FAX --- E-mail: Dear Partner, Do accept my sincere apologies if my mail does not meet your personal ethics. For i know this may seem like a complete intrusion to your privacy but right about now this is my option of communication. This note might seem strange or probably untrue considering the amount of junk mails we receive daily, but i believe this is still the most genuine way of contacting a true character. I will introduce myself as the Head of Foreign Operations Department in the accounts management section this well-known bank here in the United Kingdom as Stated above. I am seeking your cooperation to present you to my bank as the Next of kin to LATE ANDREA SCHRANNER. A Germany property Magnate Andreas Schranner, , his wife Maria, , their daughter Andrea Eich, , her husband Christian, , and their children Katharina, eight, and Maximilian, , all perished in the jet. Please click here below for verification. PROPOSITION: One of late Andrea Schranner's accounts with holding balance of ,,(Fifteen Million British Pounds) has been dormant and has not been operated for the past years and the DEPOSIT will be converted to UNCLAIMED DEPOSIT and therefore forfeited if nobody comes forward to lay claim to the deposit before the end of this financial quarter, as is the practice and also indicated in the EU banking guidelines. >From my investigations and confirmation, the owner of this account a foreigner by name Late Andrea Schranner's died on MONDAY, JULY, in a plane crash with his family. After going through the deceased records and files, I discovered that: () No one has operated this account since ; () He died without a heir; hence the money has been floating. () No other person knows about this account and there was no known beneficiary. And if we do not remit this money urgently, it would be confiscated and forfeited for nothing. I have secretly discussed this matter with account officer and we have agreed to find a reliable foreign partner to deal with. We thus propose to do business with you, standing in as the next of kin of these funds from the deceased and funds released to you after due processes have been followed. This transaction is totally free of risk and troubles as the fund is a legitimate and does not originate from drug, money laundering, terrorism or any other illegal act. On your interest, let me hear from you. On your interest, let me have your private/direct contact numbers including fax and a copy of your International Passport or driver's license for easy communication, identification and trust. I must be reached only on my private contact details for confidential reasons. Regards, Mr. Gary Fredricks TEL: +--- FAX ---",1,0.9997023,"From The Desk of Mr. Gary Fredricks
Head of Foreign Operations
5, mall London Road,
Swanley Kent BR8 7WL
London EC2R 8BP,
United Kingdom
TEL: +44-704-0185-556
FAX: +44-7005-921-605
E-mail: mrgary_fredricks@yahoo.de

‚∏ª

Dear Partner,

Please accept my apologies if this message seems unexpected or unfamiliar. I realize this may come across as a disruption to your privacy, but at present, this is the most appropriate channel to reach out. While you may be cautious due to the volume of unsolicited emails received daily, I believe this remains a sincere method of connecting with someone of genuine integrity.

I am the Head of Foreign Operations within the oversight division at a reputable financial institution here in the United Kingdom. I am seeking your cooperation to represent you as a related party to the late Andrea Schranner.

A German entrepreneur, Mr. Schranner, and his family passed away in a tragic aviation incident.
Please refer to the following link for context:
http://news.bbc.co.uk/1/hi/world/europe/859479.stm

‚∏ª

Details:
One of Mr. Schranner‚Äôs inactive financial holdings, amounting to ¬£15,000,000 (Fifteen Million British Pounds), has not been accessed for over five years. According to standard policy and EU financial guidelines, if no claim is submitted by the close of this financial cycle, it may be redirected to institutional reserves.

Based on internal reviews:
	1.	No access to the account has occurred since 2000.
	2.	Mr. Schranner passed away without recorded successors.
	3.	No other individuals are connected to this balance.

Unless this situation is addressed soon, the funds may be reallocated permanently. After discreet discussions, we resolved to identify a trustworthy external associate to assist in presenting this claim, allowing formal authorization and release of the funds following required procedures.

This initiative is in line with compliance standards and bears no connection to any unlawful activities. Should this interest you, please respond accordingly.

If you wish to move forward, kindly provide your private contact details including a fax number and a form of identification such as a government-issued license, to ensure secure communication. Please use the contact information above for all correspondence.

‚∏ª

Sincerely,
Mr. Gary Fredricks
TEL: +44-704-0185-556
FAX: +44-7005-921-605",0.9994114637374878,"From the Office of Mr. Gary Fredricks
Foreign Division
5 Mall London Road
Swanley Kent BR8 7WL
London EC2R 8BP
United Kingdom
TEL: +44-704-0185-556
FAX: +44-7005-921-605
E-mail: mrgary_fredricks@yahoo.de

‚∏ª

To Whom It May Concern,

I hope this message reaches you well. I understand it may be unexpected, but given the circumstances, this is the best method I have available to initiate contact. Although unsolicited messages are common, I trust this will be received in good faith.

I am part of the Foreign Division at a recognized institution in the United Kingdom. I would like to discuss a matter involving the estate of Andrea Schranner.

Mr. Schranner, a German national, along with his family, tragically lost their lives in an air accident.
You can find more background here:
http://news.bbc.co.uk/1/hi/world/europe/859479.stm

‚∏ª

Information:
One of Mr. Schranner‚Äôs accounts, inactive for over five years, contains a significant balance ‚Äî ¬£15 million (Fifteen Million GBP). Per routine financial procedures and European regulatory standards, balances not claimed within a defined timeframe may be redirected internally.

Our internal evaluation found:
	1.	The account has remained unused since 2000.
	2.	No records of direct successors were identified.
	3.	No listed beneficiaries exist.

We are therefore looking to collaborate with a reliable contact who may assist in this matter through the appropriate channels.

This process is in full alignment with established legal and regulatory frameworks. If you are interested, feel free to reach out using the contact information listed above.

To continue, please share your preferred contact information and a form of identification for verification and further coordination.

‚∏ª

Warm regards,
Gary Fredricks
TEL: +44-704-0185-556
FAX: +44-7005-921-605
",0.91932874917984,"Correspondence from Gary Fredricks
International Liaison Division
5 Mall London Road
Swanley Kent BR8 7WL
London EC2R 8BP
United Kingdom
Phone: +44-704-0185-556
Fax: +44-7005-921-605
Email: mrgary_fredricks@yahoo.de

‚∏ª

Greetings,

I hope this note finds you well. Though the message may come unexpectedly, this is currently the most effective way to initiate correspondence. Given the volume of digital communications we all receive, I appreciate your time and consideration.

I represent the International Liaison Division at a recognized institution in the United Kingdom. I am reaching out concerning historical records related to Andrea Schranner.

Mr. Schranner, a German citizen, along with members of his family, passed away in a well-documented air incident.
You may refer to the following public report for reference:
http://news.bbc.co.uk/1/hi/world/europe/859479.stm

‚∏ª

Summary:
A financial record attributed to Mr. Schranner has remained dormant for more than five years. According to general regulatory guidelines, assets not associated with active documentation may be reallocated through internal administrative processes.

Following our review:
	1.	The record has not been updated since 2000.
	2.	No successor information is available.
	3.	No affiliations have been documented.

We are seeking a qualified individual to assist with the archival and administrative resolution of this file, in line with formal review processes.

This inquiry conforms to standard practices under applicable regulations. If you wish to engage, please get in touch via the contact information provided.

If so, kindly forward your preferred method of contact and a supporting identification document to facilitate confirmation and next steps.

‚∏ª

Kind regards,
Gary Fredricks
Phone: +44-704-0185-556
Fax: +44-7005-921-605
",0.014813510701060295
