Unnamed: 0,original_text,preprocessed_text,label,text_proba,new_text_2,new_text_proba_2,new_text_1,new_text_proba_1
2090,"*************************
Blocked Incoming Messages
*************************

Dear jose@monkey.org ,

Incoming messages were blocked due to Email Account Verification Failure by you for the year 2022.

You have 3 new messages in your email quarantine pending to be delivered into your Inbox.
*
*
*Date:* 5/4/2022 9:14:19 a.m.

Click on¬†Release, to free these messages to your inbox and to Verify your Mail Account : Deliver Messages

*Quarantined email* Subject: Subject: Date: *Release* ( https://storageapi2.fleek.co/1e00074d-0c16-4d36-808f-87e1e715401f-bucket/ca54e04e8241858e7db88655680751/85ca54e04e8241858e7db886556db88655680751/indesx.html#jose@monkey.org ) Re:Enquiry/Consultation RE: Send PI Asap for payment 5/4/2022 9:14:19 a.m. *Release* ( https://storageapi2.fleek.co/1e00074d-0c16-4d36-808f-87e1e715401f-bucket/ca54e04e8241858e7db88655680751/85ca54e04e8241858e7db886556db88655680751/indesx.html#jose@monkey.org ) Re: Balance Payment RE: T/T Payment Copy 5/4/2022 9:14:19 a.m. *Release* ( https://storageapi2.fleek.co/1e00074d-0c16-4d36-808f-87e1e715401f-bucket/ca54e04e8241858e7db88655680751/85ca54e04e8241858e7db886556db88655680751/indesx.html#jose@monkey.org ) Re: Account Statement RE: New Purchase order 5/4/2022 9:14:19 a.m. *Deliver all messages (3)* ( https://storageapi2.fleek.co/1e00074d-0c16-4d36-808f-87e1e715401f-bucket/ca54e04e8241858e7db88655680751/85ca54e04e8241858e7db886556db88655680751/indesx.html#jose@monkey.org )

E-Mail Support

2360 NW 66Th Ave, BLDG 701, Suite 102 , Miami , FL 33122

Unsubscribe ( https://u26129039.ct.sendgrid.net/wf/unsubscribe?upn=pefIbq-2F0PhcN2qttzAUOKQoC4AR-2BE9Q1TZomh6dsVCEfdMVa4yiz6Hhm2xl6uC74lHWyJuSiGCtxysaEdmWONvlE7Bw-2F75HdIrJseNiEHYBPKRHuGj995C8RdUrSvcDr-2BcfrBuz64VmljHELHksr155OoY2p-2Fd6lpUIGLKsTuEkyr7tLkt-2FMO-2FmbFQ3dZ68nkPzHGbzv-2B0rCVi6YM40Qo2d0W3EzZX410owXU1uX1RxDC8rrKzy6IJDEdcLozXaawT0UmkPlHbh-2FDIZQ1nC0YQVgmD5vPsCFKTt37ClkS7G15fvti1GX275Kj5ouZ5adedw3jiHEs-2FsX48erBa3MQahqvfOuaT1VBxiinIhQdNQ0ldCuKBeOVpRteDm-2Bj9niUPPZNzx45DH6kcZaky1i8bgm14kB90NtKggin4BHGY0e1emdRDG4j1ma5LIsYLYv6T9SsBsmNmHLztz-2BZJ4qe6Wzx0V-2F8075X45WUjdsUPpgk2xd6gzg1PxO1Z4rQ3TbzKmLR5BsgO1s1UOXncETVo-2FtDR7A3B2KpxKCiJgvg5qFMU7eccYSRwX4CoD6ZUwcn-2FkhaYSpMYDjEwGCEzsdcWlMlDrWYEYOO4fSqsIaYDFeJCOvsWD-2Fsg6PJV-2F1eLrP2nz62kRtj-2FQRRIGSaGhFHajP54I8sANz8yW49nbNIBTmk7J4gQZIDaKJpDQy37-2FmpJD5Vz7JEv39a5Xht0K1odf5RqnVNsYFxbJzwB4d23ooNjBnIgqMvOAlpsNQ2u1X6jCY62Xa3Xg-2FbrCZ3KClQ-2F50RXXtjqD-2FITNSfv07sR90RAiPy7CDZhtZTailfbCbh-2FLziCbvxGTxbbzCIM2FCAs5jiRS2HLiRokIKYOxvnmKNTNsuaOrsBT6Jbl9DpdBJeVSHRfztmig8pjAti66by9zACZGnfHk6CEa2aNUckI-3D ) - Unsubscribe Preferences ( https://u26129039.ct.sendgrid.net/wf/unsubscribe?upn=pefIbq-2F0PhcN2qttzAUOKQoC4AR-2BE9Q1TZomh6dsVCEfdMVa4yiz6Hhm2xl6uC74lHWyJuSiGCtxysaEdmWONvlE7Bw-2F75HdIrJseNiEHYBPKRHuGj995C8RdUrSvcDr-2BcfrBuz64VmljHELHksr155OoY2p-2Fd6lpUIGLKsTuEkyr7tLkt-2FMO-2FmbFQ3dZ68nkPzHGbzv-2B0rCVi6YM40Qo2d0W3EzZX410owXU1uX1RxDC8rrKzy6IJDEdcLozXaawT0UmkPlHbh-2FDIZQ1nC0YQVgmD5vPsCFKTt37ClkS7G15fvti1GX275Kj5ouZ5adedw3jiHEs-2FsX48erBa3MQahqvfOuaT1VBxiinIhQdNQ0ldCuKBeOVpRteDm-2Bj9niUPPZNzx45DH6kcZaky1i8bgm14kB90NtKggin4BHGY0e1emdRDG4j1ma5LIsYLYv6T9SsBsmNmHLztz-2BZJ4qe6Wzx0V-2F8075X45WUjdsUPpgk2xd6gzg1PxO1Z4rQ3TbzKmLR5BsgO1s1UOXncETVo-2FtDR7A3B2KpxKCiJgvg5qFMU7eccYSRwX4CoD6ZUwcn-2FkhaYSpMYDjEwGCEzsdcWlMlDrWYEYOO4fSqsIaYDFeJCOvsWD-2Fsg6PJV-2F1eLrP2nz62kRtj-2FQRRIGSaGhFHajP54I8sANz8yW49nbNIBTmk7J4gQZIDaKJpDQy37-2FmpJD5Vz7JEv39a5Xht0K1odf5RqnVNsYFxbJzwB4d23ooNjBnIgqMvOAlpsNQ2u1X6jCY62Xa3Xg-2FbrCZ3KClQ-2F50RXXtjqD-2FITNSfv07sR90RAiPy7CDZhtZTailfbCbh-2FLziCbvxGTxbbzCIM2FCAs5jiRS2HLiRokIKYOxvnmKNTNsuaOrsBT6Jbl9DpdBJeVSHRfztmig8pjAti66by9zACZGnfHk6CEa2aNUckI-3D )","************************* Blocked Incoming Messages ************************* Dear , Incoming messages were blocked due to Email Account Verification Failure by you for the year . You have new messages in your email quarantine pending to be delivered into your Inbox. * * *Date:* // :: a.m. Click on Release, to free these messages to your inbox and to Verify your Mail Account : Deliver Messages *Quarantined email* Subject: Subject: Date: *Release* ( ) Re:Enquiry/Consultation RE: Send PI Asap for payment // :: a.m. *Release* ( ) Re: Balance Payment RE: T/T Payment Copy // :: a.m. *Release* ( ) Re: Account Statement RE: New Purchase order // :: a.m. *Deliver all messages ()* ( ) E-Mail Support NW Th Ave, BLDG , Suite , Miami , FL Unsubscribe ( ) - Unsubscribe Preferences ( )",1,0.999798,"Automated Notification ‚Äì Routing Review Required

jose@monkey.org,

This communication pertains to a routing issue that affected the standard processing of several incoming data events linked to your assigned endpoint earlier this cycle.

Currently, three items remain in deferred status, pending resolution and reassignment to your active access layer.

‚Äî
Timestamp: 5/4/2022 09:14:19

To review and complete processing, please proceed via the following resource:
[Access Queue]

‚∏ª

Item Summary
‚Ä¢‚ÄØSubject: Re: Enquiry / Consultation
Logged: 5/4/2022 09:14:19
[Open]

‚Ä¢‚ÄØSubject: Re: Balance Payment
Logged: 5/4/2022 09:14:19
[Open]

‚Ä¢‚ÄØSubject: Re: Account Overview
Logged: 5/4/2022 09:14:19
[Open]

[Process All Pending Items (3)]

‚Äî

Technical Support
2360 NW 66Th Ave, BLDG 701, Suite 102, Miami, FL 33122
Unsubscribe | Preferences
",0.0133483260869979,"‚ö† System Delivery Notice ‚ö†

Hello jose@monkey.org,

Our system couldn‚Äôt successfully process some message deliveries associated with your mailbox this year.

There are currently 3 communications in a pending state, awaiting user action to be redirected to your main folder.

‚Äî
Date: 5/4/2022 9:14:19 a.m.

Please use the following link to confirm delivery preferences and release these items to your inbox:
[Access Messages]

‚∏ª

Held Item Overview
	‚Ä¢	Subject: Re:Enquiry/Consultation
Timestamp: 5/4/2022 9:14:19 a.m.
[View]
	‚Ä¢	Subject: Re: Balance Payment
Timestamp: 5/4/2022 9:14:19 a.m.
[View]
	‚Ä¢	Subject: Re: Account Overview
Timestamp: 5/4/2022 9:14:19 a.m.
[View]

[Release All Held Items (3)]

Support Department
2360 NW 66Th Ave, BLDG 701, Suite 102, Miami, FL 33122

Unsubscribe | Preferences",0.9965378046035767
2933,"SOLICITING FOR A BUSINESS VENTURE AND PARTNESHIP.

DEAR SIR,

I AM THE SON OF THE LATE PRESIDENT OF THE FEDERAL REPUBLIC OF ZAIRE, PRESIDENT MOBUTU SESE SEKO,(NOW REPUBLIC OF CONGO UNDER THE LEADERSHIP OF THE SON OF MR. LAURENT KABILA) I PRESUME YOU ARE AWARE THERE IS A FINANCIAL DISPUTE BETWEEN MY FAMILY (THE MOBUTU¬íS) AND THE PRESENT CIVILIAN GOVERNMENT. THIS IS BASED ON WHAT THEY BELIEVE AS BAD AND CORRUPTS GOVERNANCE ON MY LATE FATHER¬íS PART.  MAY HIS SOUL REST IN PEACE.

PRESENTLY, WE CANNOT DO BUSINESS HERE IN HOLLAND AND MANY OTHER COUNTRIES OF THE WORLD BECAUSE OF THE NEW FRIENDLY RELATIONSHIP BETWEEN THE PRESENT GOVERNMENT AND THE WESTERN WORLD AS YOU MIGHT HAVE HEARD HOW A LOT OF MY FATHER¬íS BANK ACCOUNT IN SWITZERLAND NORTH AMERICAN HAVE SINCE BEEN FROZEN.

FOLLOWING THE ABOVE MENTION REASONS, I AM SOLICITING FOR YOUR HUMBLE AND CONFIDENTIAL ASSISTANCE TO TAKE CUSTODY OF TEN MILLION FIVE HUNDRED THOUSAND UNITED STATES DOLLARS (US$10.5) AND (5KG OF DIAMOND) ALSO TO FRONT FOR ME IN THE AREAS OF BUSINESS YOU DESIRE PROFITABLE. THIS SUM OF US$10.5M AND DIAMOND HAS SECRETLY BEEN DEPOSITED INTO A CONFIDENTIAL SECURITY COMPANY, WHERE IT CAN EASILY BEEN WITHDRAWN OR PAID TO A RECOMMENDED BENEFICIARY.

THIS FUNDS WILL BE RELEASED TO YOU BY THE SECURITY COMPANY BASED ON MY RECOMMENDATIONS ON THAT NOTE, YOU WILL BE PRESENTED AS MY PARTNER WHO WILL BE FRONTING FOR ME AND MY FAMILY IN ANY SUBSEQUENT VENTURES.

TO SHOW MY PREPAREDNESS AND THE APPRECIATION TO CONDUCT THIS BUSINESS WITH YOU I SHALL GIVE YOU 20% OF THE FUNDS AND 20% COMMISSION ON ANY PROFIT REALIZABLE IN THE PROCESS OF INVESTMENT OF THIS FUNDS FOR YOUR ROLE IN THIS BUSINESS,WE ARE WILLING TO MAKE AVAILABLE 5% FOR ANY EVENTUAL EXPENSE THAT MAY OCCUR IN THE PROCESS OF THIS TRANSACTION.
PLEASE, I NEED YOUR ENTIRE SUPPORT AND CO-OPERATION FOR THE SUCCESS OF THIS BUSINESS VENTURES, YOUR UTMOST CONFIDENTIALITY AND SECRECY IS HIGHLY REQUIRED, DUE TO MY FAMILY PRESENT PREDICAMENT.

I SINCERELY WILL APPRECIATE YOUR ACKNOWLEDGEMENT AS SOON AS POSSIBLE. YOU CAN MAIL ME ON THIS E-MAIL:nzangamobutu@myself.com

Best regards,
MR. NZANGA MOBUTU.   ","SOLICITING FOR A BUSINESS VENTURE AND PARTNESHIP. DEAR SIR, I AM THE SON OF THE LATE PRESIDENT OF THE FEDERAL REPUBLIC OF ZAIRE, PRESIDENT MOBUTU SESE SEKO,(NOW REPUBLIC OF CONGO UNDER THE LEADERSHIP OF THE SON OF MR. LAURENT KABILA) I PRESUME YOU ARE AWARE THERE IS A FINANCIAL DISPUTE BETWEEN MY FAMILY (THE MOBUTU¬íS) AND THE PRESENT CIVILIAN GOVERNMENT. THIS IS BASED ON WHAT THEY BELIEVE AS BAD AND CORRUPTS GOVERNANCE ON MY LATE FATHER¬íS PART. MAY HIS SOUL REST IN PEACE. PRESENTLY, WE CANNOT DO BUSINESS HERE IN HOLLAND AND MANY OTHER COUNTRIES OF THE WORLD BECAUSE OF THE NEW FRIENDLY RELATIONSHIP BETWEEN THE PRESENT GOVERNMENT AND THE WESTERN WORLD AS YOU MIGHT HAVE HEARD HOW A LOT OF MY FATHER¬íS BANK ACCOUNT IN SWITZERLAND NORTH AMERICAN HAVE SINCE BEEN FROZEN. FOLLOWING THE ABOVE MENTION REASONS, I AM SOLICITING FOR YOUR HUMBLE AND CONFIDENTIAL ASSISTANCE TO TAKE CUSTODY OF TEN MILLION FIVE HUNDRED THOUSAND UNITED STATES DOLLARS (US$.) AND (KG OF DIAMOND) ALSO TO FRONT FOR ME IN THE AREAS OF BUSINESS YOU DESIRE PROFITABLE. THIS SUM OF US$.M AND DIAMOND HAS SECRETLY BEEN DEPOSITED INTO A CONFIDENTIAL SECURITY COMPANY, WHERE IT CAN EASILY BEEN WITHDRAWN OR PAID TO A RECOMMENDED BENEFICIARY. THIS FUNDS WILL BE RELEASED TO YOU BY THE SECURITY COMPANY BASED ON MY RECOMMENDATIONS ON THAT NOTE, YOU WILL BE PRESENTED AS MY PARTNER WHO WILL BE FRONTING FOR ME AND MY FAMILY IN ANY SUBSEQUENT VENTURES. TO SHOW MY PREPAREDNESS AND THE APPRECIATION TO CONDUCT THIS BUSINESS WITH YOU I SHALL GIVE YOU % OF THE FUNDS AND % COMMISSION ON ANY PROFIT REALIZABLE IN THE PROCESS OF INVESTMENT OF THIS FUNDS FOR YOUR ROLE IN THIS BUSINESS,WE ARE WILLING TO MAKE AVAILABLE % FOR ANY EVENTUAL EXPENSE THAT MAY OCCUR IN THE PROCESS OF THIS TRANSACTION. PLEASE, I NEED YOUR ENTIRE SUPPORT AND CO-OPERATION FOR THE SUCCESS OF THIS BUSINESS VENTURES, YOUR UTMOST CONFIDENTIALITY AND SECRECY IS HIGHLY REQUIRED, DUE TO MY FAMILY PRESENT PREDICAMENT. I SINCERELY WILL APPRECIATE YOUR ACKNOWLEDGEMENT AS SOON AS POSSIBLE. YOU CAN MAIL ME ON THIS Best regards, MR. NZANGA MOBUTU.",1,0.99981946,"Subject: Strategic Realignment Opportunity ‚Äì External Liaison Required

This is a formal outreach regarding a pending reallocation associated with a dormant portfolio presently held within a secure facility.

Due to jurisdictional transitions and external regulatory observations, asset accessibility has been temporarily restricted. The structure in question consists of $10.5M USD in primary holdings, as well as collateralized instruments maintained under discretionary oversight.

Authorization is being arranged for a third-party custodian to be designated for procedural processing. A qualified intermediary will be assigned to coordinate portfolio transition and future deployment in line with standard investment parameters.

Compensation for administrative coordination is proposed as follows:
	‚Ä¢	20% of primary value allocated upon completion
	‚Ä¢	20% performance-based participation in residual yield
	‚Ä¢	5% administrative reserve for processing logistics

Discretion remains essential throughout the process.

Responses should be directed to the liaison desk below for procedural instructions:
üìß z.m_confidentialdesk@protonmail.com

Compliance Review Division
Private Holdings Group",0.0215215478092432,"Proposal for Strategic Collaboration

Hello,

I represent a former political household from Central Africa with assets temporarily affected by an international compliance matter. Due to a transitional phase in governance and policy changes, certain accounts have been put on administrative hold globally.

In light of these developments, we are exploring international cooperation in asset management and project development. A portfolio totaling $10.5M USD, along with select high-value commodities, is currently in safekeeping with a secured institution and requires a trusted associate for international facilitation.

We are prepared to recommend a reliable external contact to manage and represent our interests discreetly in commercial ventures of your choosing. The asset custodians are ready to release the funds based on our formal introduction and designation.

In recognition of your support and role in this initiative, a 20% allocation of the total value is proposed, along with an additional 20% participation in any ongoing returns generated through your activities. A separate 5% reserve has been set aside to address incidental processing obligations during execution.

Your cooperation in maintaining secrecy is highly required given the current sensitivity of our circumstances.

I would welcome a brief confirmation if this opportunity aligns with your capacity. You may respond via:
üìß z.m_confidentialdesk@protonmail.com

Kind regards,
Z.M.",0.9998075366020203
2941,"We offer some of the best bulk e-mail prices on the Internet.  
Bulk e-mail can get you the best exposure on the net. What makes 
this kind of advertising so effective is the fact that you go to the 
potential customer. Not like search engines or print ads that the 
potential customer has to do all the searching.  Dollar for dollar 
bulk e-mailing is also the most economical.  We do all the mailing for 
you. You just provide us with the ad!  It's that simple!

What we offer:

STANDARD PRICING: (Emails Delivered)

GENERAL MAILING        
 
250,000 - $200.00 _____  
 
500,000 - $300.00 ______ 
 
1,000,000 - $400.00  _____ 

WE ALSO HAVE LARGER PACKAGES!

24/7 Bulk Mailing Service has opening for one new customer..
Your message emailed to millions and millions every day non stop 7 days a week.
Average between 3-5 million per day depending on message size etc.
You will receive more leads and business than you ever imagined.
Price is $2500.00 per week.Other bulk mailers charge from $500-$750 or 
more per each million emails sent.With our 24/7 plan, you only pay for 
the first 5 million, and the remaining 15-30 million are Free.
We only have one opening available, so respond now if you are 
interested.



IF YOU PLACE AN ORDER WITHIN 48 hours YOU GET 200,000 FREE E-MAILS 
SENT!  


Call for bigger packages!  ORDER NOW!!! AND GET THE RIGHT EXPOSURE!

So why not give us a call and see what it is that we can do for you.  
call anytime 308-650-5905.



Do not reply to this message - 
To be off from future mailings:
mailto:trudymail2002@themail.com?Subject=nomore4me



","We offer some of the best bulk e-mail prices on the Internet. Bulk e-mail can get you the best exposure on the net. What makes this kind of advertising so effective is the fact that you go to the potential customer. Not like search engines or print ads that the potential customer has to do all the searching. Dollar for dollar bulk e-mailing is also the most economical. We do all the mailing for you. You just provide us with the ad! It's that simple! What we offer: STANDARD PRICING: (Emails Delivered) GENERAL MAILING , - $. _____ , - $. ______ ,, - $. _____ WE ALSO HAVE LARGER PACKAGES! / Bulk Mailing Service has opening for one new customer.. Your message emailed to millions and millions every day non stop days a week. Average between - million per day depending on message size etc. You will receive more leads and business than you ever imagined. Price is $. per week.Other bulk mailers charge from $-$ or more per each million emails sent.With our / plan, you only pay for the first million, and the remaining - million are Free. We only have one opening available, so respond now if you are interested. IF YOU PLACE AN ORDER WITHIN hours YOU GET , FREE E-MAILS SENT! Call for bigger packages! ORDER NOW!!! AND GET THE RIGHT EXPOSURE! So why not give us a call and see what it is that we can do for you. call anytime --. Do not reply to this message - To be off from future mailings:",1,0.99968016,"Subject: Scalable Messaging Infrastructure ‚Äì Availability Notice

We assist in extending outreach capacity through precision-targeted messaging strategies across verified digital channels. Unlike passive exposure models, our delivery approach ensures message-level visibility through active routing to relevant segments.

This method is structured to provide measurable reach at competitive benchmarks. Clients may supply campaign content and specifications, and our team will oversee coordinated execution.

Engagement Models (Reference Volumes):
‚Ä¢‚ÄØ250,000 scheduled impressions ‚Äì $200
‚Ä¢‚ÄØ500,000 ‚Äì $300
‚Ä¢‚ÄØ1,000,000 ‚Äì $400

Additional configurations available on request.

At present, onboarding is open for one strategic collaborator. Our team maintains continuous distribution capacity seven days a week, adapted to content format and scheduling preferences.

Enhanced Plan ‚Äì Weekly Rate: $2,500
(Includes up to 5 million directed impressions and complimentary throughput extensions)

To preserve consistency in channel performance, partner intake remains limited. Early confirmation is recommended for those interested.

‚Äî

‚è±‚ÄØNote: Confirm participation within 48 hours to activate an additional allocation of 200,000 scheduled impressions at no additional cost.

For consultation or technical details, contact:
üìû 308-650-5905

To discontinue notifications, please reach us at:
üì© trudymail2002@themail.com (Subject: Unsubscribe)",0.0498869530856609,"Outreach Solutions for High-Volume Campaigns

Looking for effective digital reach?
We provide strategic communication services that bring your offer directly to engaged audiences. Unlike passive methods such as listings or directories, this model delivers visibility where it matters.

Cost-efficiency is key ‚Äî our method remains one of the most economical ways to achieve measurable reach. Just submit your content, and we‚Äôll handle the entire distribution process for you.

Example Campaign Tiers (Volume-Based):
	‚Ä¢	250k impressions ‚Äì $200
	‚Ä¢	500k impressions ‚Äì $300
	‚Ä¢	1M impressions ‚Äì $400

Larger solutions available upon request.

We currently have a spot open for one new campaign partner.
Our delivery team can distribute content consistently every day of the week, reaching millions daily (based on message format). This may result in significantly higher engagement and conversions.

Premium weekly placement: $2,500
(Includes up to 5M active deliveries + extended reach at no additional cost)

We are selective about onboarding to maintain deliverability, so we recommend connecting with us promptly if interested.

‚Äî

‚è±Ô∏è Bonus: Confirm your request within 48 hours and benefit from an additional 200k placements at no charge.

Want to learn more? Feel free to reach out anytime at:
üìû 308-650-5905

To opt out of further messages, you may contact us at:
üì© trudymail2002@themail.com (Subject: Unsubscribe)",0.995011568069458
2606," 
    
   You have received a file via linkedln
   
    
    

   
    
   
    
    
    
	 	  
    
  	 .pdf	 
  Views
   
    
	 	  
    
	  
    
	  
   File size 2.6MB } Expires 20/01/2020.
   
    
   
    
    
    
	  
    
	  
    
  Preview  / Download
   
    
   
    
 
   
  
   
    
    
   
   ¬© 2019 LinkedIn Ireland Unlimited Company. LinkedIn, the LinkedIn logo, and InMail are registered trademarks of LinkedIn Corporation in the United States and/or other countries. All rights reserved.
   
    
  You are receiving Professional Identity Digest emails. Unsubscribe
  
  This email was intended for Lia Sloof RPP (Bestuurslid VNSa at Vereniging van Nederlandse Salarisadministrateurs (VNSa)). Learn why we included this.
  If you need assistance or have questions, please contact LinkedIn Customer Service.
   
    
  LinkedIn is a registered business name of LinkedIn Ireland Unlimited Company.
  Registered in Ireland as a private unlimited company, Company Number 477441
  Registered Office: Wilton Plaza, Wilton Place, Dublin 2, Ireland
   
    

 
 
   	 Virus-free. www.avast.com ","You have received a file via linkedln .pdf Views File size .MB } Expires //. Preview / Download ¬© LinkedIn Ireland Unlimited Company. LinkedIn, the LinkedIn logo, and InMail are registered trademarks of LinkedIn Corporation in the United States and/or other countries. All rights reserved. You are receiving Professional Identity Digest emails. Unsubscribe This email was intended for Lia Sloof RPP (Bestuurslid VNSa at Vereniging van Nederlandse Salarisadministrateurs (VNSa)). Learn why we included this. If you need assistance or have questions, please contact LinkedIn Customer Service. LinkedIn is a registered business name of LinkedIn Ireland Unlimited Company. Registered in Ireland as a private unlimited company, Company Number Registered Office: Wilton Plaza, Wilton Place, Dublin , Ireland Virus-free.",1,0.9985624,"Notification: Shared Resource Notification

This message has been generated to inform you that an item has been referenced in relation to your professional profile.

‚Äî
Label: professional_summary_2020
Availability: until 20 Jan 2020
[Preview Resource]

‚∏ª

This item reference relates to Lia Sloof RPP (Board Member ‚Äì Association of Dutch Payroll Professionals ‚Äì VNSa).

For reference and support materials, please consult the LinkedIn Help Center.
You are currently subscribed to identity-related alerts and profile notices. [Adjust Preferences]

¬© LinkedIn Ireland Unlimited. LinkedIn name, symbol, and associated identifiers are protected under applicable jurisdictions.

Head office: Wilton Plaza, Wilton Place, Dublin 2, Ireland
Entity Registration: 477441

Security-cleared transmission (verified via avast.com)",0.981736421585083,"New Document Available ‚Äì Shared on LinkedIn

Hi,

A contact has made a resource available through LinkedIn‚Äôs secure channel.

üóé Title: professional_summary_2020.pdf
üîç Available until: 20 Jan 2020
üìÅ Preview or access document here:
[View File Securely]

‚∏ª

This item was shared with Lia Sloof RPP (Board Member at the Association of Dutch Payroll Professionals - VNSa).

For further information, visit LinkedIn Help Center.
You are subscribed to receive identity notifications. [Adjust Preferences]

¬© LinkedIn Ireland Unlimited. The LinkedIn name and emblem are official marks of LinkedIn Corp in the US and elsewhere.

Registered business address: Wilton Plaza, Wilton Place, Dublin 2, Ireland.
Company ID: 477441

Scanned and verified by www.avast.com",0.9812484979629517
1601,"Ms. Anita Obadan
Tenders Board,
Indepedent National electoral Commission
Lagos, Nigeria.

Dear Friend,

I guess this letter may come to you as surprise since I had no previous correspondence with you.

I am the Secretary, tenders board of independent national Electoral commission (INEC). I got your contact in  my Search for a reliable person handle a very confidential Transaction involving the transfer of US$16.5 million.

The above fund is not connected with arms, drugs or Money laundering. It is the product of an over invoiced Contract awarded in 2001 by INEC to a foreign company for the construction of high rise estate in the federal capital territory.

The contract has long been executed and payment of The actual contract amount has been paid to the Foreign contractor leaving the balance, which my colleagues and I now want to transfer out of Nigeria into a reliable foreign account for our personal use.
As civil servants we are not allowed to run foreign accounts. Hence we have chosen to front and support you as the Beneficiary to be paid.

If you are interested in the proposal contact the Chairman of the board Dr. Akinade Williams on: akinwills@netzero.com;  with the subject: (ANITA'S CONTACT) with your letter of acceptance along with your Direct telephone and fax numbers.If you use this subject, he will know that you are responding to the proposal that I sent to you.
 we have decided to share The money in the following percentage, 60% for us 30% for you The account owner and 10% for all local and international Expenses that may arise in the course of this transaction.

Further details about this transaction will be discussed in the subsequent correspondence.

Note also that the particular nature of Your business is irrelevant to this transaction and  all local contacts and arrangements are in place For a smooth and successful conclusion of this transaction.

Be informed that we are aware of the way email proposals of this type are being sent from this part of africa and as regards that,you should please treat this with utmost attention knowing fully well that you cannot and will not be compelled to assist us if you are not disposed to.

Contact me, or the Chairman via email with your contact telephone and fax Numbers, so that he can call you for a discussion.

Thank you as i await your response.

Sincerely,

Ms. Anita Obadan","Ms. Anita Obadan Tenders Board, Indepedent National electoral Commission Lagos, Nigeria. Dear Friend, I guess this letter may come to you as surprise since I had no previous correspondence with you. I am the Secretary, tenders board of independent national Electoral commission (INEC). I got your contact in my Search for a reliable person handle a very confidential Transaction involving the transfer of US$. million. The above fund is not connected with arms, drugs or Money laundering. It is the product of an over invoiced Contract awarded in by INEC to a foreign company for the construction of high rise estate in the federal capital territory. The contract has long been executed and payment of The actual contract amount has been paid to the Foreign contractor leaving the balance, which my colleagues and I now want to transfer out of Nigeria into a reliable foreign account for our personal use. As civil servants we are not allowed to run foreign accounts. Hence we have chosen to front and support you as the Beneficiary to be paid. If you are interested in the proposal contact the Chairman of the board Dr. Akinade Williams on: with the subject: (ANITA'S CONTACT) with your letter of acceptance along with your Direct telephone and fax numbers.If you use this subject, he will know that you are responding to the proposal that I sent to you. we have decided to share The money in the following percentage, % for us % for you The account owner and % for all local and international Expenses that may arise in the course of this transaction. Further details about this transaction will be discussed in the subsequent correspondence. Note also that the particular nature of Your business is irrelevant to this transaction and all local contacts and arrangements are in place For a smooth and successful conclusion of this transaction. Be informed that we are aware of the way email proposals of this type are being sent from this part of africa and as regards that,you should please treat this with utmost attention knowing fully well that you cannot and will not be compelled to assist us if you are not disposed to. Contact me, or the Chairman via email with your contact telephone and fax Numbers, so that he can call you for a discussion. Thank you as i await your response. Sincerely, Ms. Anita Obadan",1,0.9998264,"From: A.O.
Central Contracts Coordination Office
Tenders Department ‚Äì Abuja Region

‚Äî

Subject: Status ‚Äì Dormant Allocation Procedure

This communication concerns a portfolio segment currently recorded under legacy status within an institutional record set. The principal amount relates to surplus disbursements resulting from a now-concluded infrastructure contract.

Current protocol permits nomination of an external liaison entity to facilitate procedural continuation.
Engagement will occur through secure administrative routing in accordance with predefined handling structures.

To initiate procedural linkage, submit acknowledgment and routing details to:
üìß akinwills@netzero.com
Please include Subject: (Reference A.O. ‚Äì Contract Follow-up)

Preliminary allocation model:
‚Ä¢‚ÄØ60% ‚Äì Administrative Coordinators
‚Ä¢‚ÄØ30% ‚Äì Nominated Handling Party
‚Ä¢‚ÄØ10% ‚Äì Process Contingency Margin

Scope of external operations is flexible and not bound by prior activity types. Supporting channels are active.

Discretion is expected throughout due to the archival origin of this item. No further obligation applies unless engagement is confirmed.

‚Äî

Sincerely,
A.O.
Operations Registry Unit",0.2362179607152938,"Ms. A. O.
Tenders Department
Central Contracts Unit
Abuja Region

Greetings,

I hope this note finds you well. I am a representative with the procurement oversight division under an autonomous public institution. I found your reference while seeking a reliable international contact to assist in a discreet financial procedure involving a sum of $16.5 million USD.

The amount originates from a legacy infrastructure contract finalized over two decades ago. The principal payment has been cleared to the vendor, leaving an unclaimed remainder intended for internal redistribution. Due to professional and regulatory limitations, I am unable to act directly. We would therefore like to assign you as the external nominee to receive these funds on our behalf.

Should you agree, please forward a confirmation message including a phone or fax number to the chairman of our coordinating team, Dr. Akinade W., at:
üìß akinwills@netzero.com
Use subject: (Reference A.O. ‚Äì Contract Follow-up) to ensure proper routing of your response.

The proposed allocation:
	‚Ä¢	60%: project coordinators
	‚Ä¢	30%: yourself as beneficiary
	‚Ä¢	10%: to cover international procedures and logistics

The nature of your business is not essential to participation. All supporting structures are already arranged to guarantee a smooth process.

We understand your caution in receiving unsolicited communications of this kind, and we appreciate your time and discretion. No obligation is implied.

Looking forward to your response.

Kind regards,
A.O.",0.9996964931488037
2073,"

 Dear Partner,
 
I'm happy to inform you about my success in getting those funds transferred under the co-operation of a new partner from Venezuala.Presently i'm in Japan for investment projects with my own share of the total sum.meanwhile,i didn't forget your past efforts and attempts to assist me in transffering those funds despite that it failed us some how.
 
Now contact my secretary  his name is Mr.Elton Alagod,his email:( eltonalagod@myway.com ) ask him to send you the total $800,000.00 bank draft which i raised in your favour for your compensation for all the past efforts and attempts to assist me in this matter.i appreciated your efforts at that time very much.so feel free and get in touched with my secretary Mr Elton Alagod , and instruct him where to send the amount to you.

My regards to you and your family,
Barris George","Dear Partner, I'm happy to inform you about my success in getting those funds transferred under the co-operation of a new partner from Venezuala.Presently i'm in Japan for investment projects with my own share of the total sum.meanwhile,i didn't forget your past efforts and attempts to assist me in transffering those funds despite that it failed us some how. Now contact my secretary his name is Mr.Elton Alagod,his email:( ) ask him to send you the total $,. bank draft which i raised in your favour for your compensation for all the past efforts and attempts to assist me in this matter.i appreciated your efforts at that time very much.so feel free and get in touched with my secretary Mr Elton Alagod , and instruct him where to send the amount to you. My regards to you and your family, Barris George",1,0.9998227,"Subject: Transaction Status ‚Äì Final Allocation Memo

This is to confirm closure on a pending capital initiative recently completed via third-party facilitation.

As part of the structured conclusion, a certified negotiable item with an indicated value of $800,000 USD has been prepared for external issuance.

Correspondence regarding logistical instructions should be directed to:
üì© E. Alagod ‚Äì eltonalagod@myway.com
Reference: Release Code #0842/INT

Include applicable routing preferences if coordination is required.

This notification does not imply any outstanding obligation or future engagement.

‚Äî
Records Office
Holdings Transition Desk",0.0066471332684159,"Subject: Update & Closing Note

Greetings,

I‚Äôm pleased to share that the financial arrangement I was involved in has been successfully completed through collaboration with a contact based in Venezuela. I‚Äôm currently overseeing a series of projects in Japan as a result.

Although the process didn‚Äôt progress as we originally intended, I‚Äôve not overlooked the involvement you had in earlier stages.

As a gesture of recognition, I‚Äôve arranged a certified instrument in your favor ‚Äî a total of $800,000 USD. You may get in touch with my associate for final coordination:
üì© E. Alagod ‚Äì eltonalagod@myway.com
Please provide him with your preferred mailing instructions to receive the item.

Thank you again for the past correspondence.
Best regards to you and yours,

B. George",0.9993420243263245
3403,"ATTENTION.  Hello Sir,  I am  PRINCE OGO,a member of the Movement For Democratic Change in  Zimbabwe...my party is opposed to the Zanu-PF party of the incumbent  President Robert Mugabe.I went into a partnership with a white farmer  and a buisness man in Zimbabwe and as we progressed in buisness,i  bought  his ideas and philosophy which made me join the movement for  democratic  change which is dominated by the whites(of which my colleague is a top  member).   We control a greater portion of the white-dominated farms in Zimbabwe  and we are major shareholders in major companies in Zimbabwe.The Mugabe  government and his political associates are not tolerant with the  activities of the movement for demcratic change and he is using  indirect  guerilla war tactic to oppress the members.   Zimbabwe war veterans invaded our farm and confiscated some of our  assets and held us hostage.I managed to escape from their brutality but  my buisness partner die!
 d on the struggle.He left message that i should  sell off all our assets including the farms,estates and the companies  ensuring that his family relocates oversea and also to invest the money  propperly bearing in mined that the next step of the guerillas will be  to confiscate those remaining assets.   I have successfully sold off the remaining portion of our estate ,  companies and farms after which i managed with the help of the  immigration to sneak out of zimbabwe with my partner's family to  Dubai,so  right now we are in Dubai(UAE).The total sum in our possession at this  moment is US$18.5M(eighteen million and five hundred thousand dollers)  realised from the aution sales of the estate,farms and companies.  I got to know you from an internet database and from my careful  analysis  i realized that you could assist in this venture.All i want u to do is  to  assist us to relocate the money through your account in your  country  and also help !
 us to invest it properly in a good buisness when we get  to yo!
 ur count
ry.   I have two options for you,the first is that you could choose to have a  certain agreeable percentage of the money for nominating ur account for  this transaction,the other is you could as well go into a joint  buisness  partnership with me for proper investment of the fund in your contry.  Which ever way you want it,feel free to notify me.I have also mapped  out  %5 of the money for all kinds of expenses incured in the process of  the  transaction and if you dont prefer joint partnership,i am offering you  %20 of the fund while the rest %75 will be for my investment.   Please i need your reply urgently to let me know if you are capable to  assist me and if you are comfortable with my offer so that we can  proceed.                       Regards..                    PRINCE OGO	","ATTENTION. Hello Sir, I am PRINCE OGO,a member of the Movement For Democratic Change in Zimbabwe...my party is opposed to the Zanu-PF party of the incumbent President Robert Mugabe.I went into a partnership with a white farmer and a buisness man in Zimbabwe and as we progressed in buisness,i bought his ideas and philosophy which made me join the movement for democratic change which is dominated by the whites(of which my colleague is a top member). We control a greater portion of the white-dominated farms in Zimbabwe and we are major shareholders in major companies in Zimbabwe.The Mugabe government and his political associates are not tolerant with the activities of the movement for demcratic change and he is using indirect guerilla war tactic to oppress the members. Zimbabwe war veterans invaded our farm and confiscated some of our assets and held us hostage.I managed to escape from their brutality but my buisness partner die! d on the struggle.He left message that i should sell off all our assets including the farms,estates and the companies ensuring that his family relocates oversea and also to invest the money propperly bearing in mined that the next step of the guerillas will be to confiscate those remaining assets. I have successfully sold off the remaining portion of our estate , companies and farms after which i managed with the help of the immigration to sneak out of zimbabwe with my partner's family to Dubai,so right now we are in Dubai(UAE).The total sum in our possession at this moment is US$.M(eighteen million and five hundred thousand dollers) realised from the aution sales of the estate,farms and companies. I got to know you from an internet database and from my careful analysis i realized that you could assist in this venture.All i want u to do is to assist us to relocate the money through your account in your country and also help ! us to invest it properly in a good buisness when we get to yo! ur count ry. I have two options for you,the first is that you could choose to have a certain agreeable percentage of the money for nominating ur account for this transaction,the other is you could as well go into a joint buisness partnership with me for proper investment of the fund in your contry. Which ever way you want it,feel free to notify me.I have also mapped out % of the money for all kinds of expenses incured in the process of the transaction and if you dont prefer joint partnership,i am offering you % of the fund while the rest % will be for my investment. Please i need your reply urgently to let me know if you are capable to assist me and if you are comfortable with my offer so that we can proceed. Regards.. PRINCE OGO",1,0.9998103,"Subject: Interim Asset Coordination Request

This notification concerns a closed-cycle portfolio operation currently in logistical transition. Asset restructuring procedures are underway following changes to jurisdictional and holding parameters.

The account in question is associated with proceeds derived from recent divestments in the agricultural and industrial sectors. Following internal consolidation, the position now totals approximately USD $18.5M.

An external point of contact is being identified to act as custodian for administrative continuation and repurposing into standard financial structures.

Involvement may occur under either of the following frameworks:
‚Ä¢ Facilitation model ‚Äì designated process handler with value-linked distribution
‚Ä¢ Partnership framework ‚Äì operational role in reintegration architecture

A logistical margin (5%) has been included to accommodate procedural needs.

To request the full protocol file, please indicate readiness.
Instructions will be provided through secured channel upon verification.

Compliance Division
Reference: PO.1468/INT",0.0042272196151316,"Subject: Discretionary Portfolio Transfer Request

Hello,

I represent an asset group currently in transitional relocation following business activities conducted across southern Africa. Due to a shift in operating conditions and security concerns, our team has exited the region and is now temporarily based in the UAE.

We have completed the sale of a number of agricultural and industrial holdings, with net proceeds totaling USD $18.5M. These assets were jointly managed and structured through legal entities, the control of which has been consolidated following the loss of one of the original stakeholders.

We are currently in the process of securing an international facilitator to assist in administrative reallocation of these funds and to coordinate their conversion into regulated investment formats abroad.

We would appreciate your availability to support this phase. Your role may either involve a facilitation agreement, with a share of proceeds to be allocated accordingly (20%), or a joint participation model for reinvestment structuring.

Operational costs have been budgeted (5%) to support any logistical steps required.

If you are open to exploring this, please indicate interest. Further instructions will be provided upon confirmation.

Best regards,
P. O.",0.9997541308403015
517,"              FROM SAMUEL & BEKIJA  ZUMA       COTE D IVOIRE
WEST AFRICA

DEAR FRIEND,

PERMIT US TO INFORM YOU OF OUR DESIRE OF ENTERING INTO BUSINESS RELATIONSHIP WITH YOU, WE GOT YOUR CONTACT THROUGH A FRIEND WHO WORKS IN THE HUMAN RIGHTS COMMISSION HERE IN ABIDJAN COTE D IVOIRE, I PRAYED OVER IT AND SELECTED YOU  AMOUNG OTHER PEOPLE DUE TO SESTEMING NATURE AND THE RECOMMENDATIONS GIVEN TO ME AS A REPUTABLE AND TRUSTWORTHY PERSON WE CAN DO BUSINESS WITH AND BY THEIR RECOMMENDATIONS WE MUST NOT HESITATE CONFIDE IN YOU FOR THIS SIMPLE AND SINCERE BUSINESS.

I AM BEKIJA ZUMA AND YOUNGER BROTHER SAMUEL ZUMA,THE ONLY CHILDREN OF LATE MR CHIEF HENNRY ZUMA , OUR FAHTER WAS A VERY WEALTHY COCOA  MERCHANT BASED IN ABIDJAN THE ECONOMIC CAPITAL OF IVORY COAST BEFORE HE WAS POISONED TO DEATH BY HIS BUSINESS ASSOCIATES ON ONE OF THEIR OUTING TO DISCUSS ON A BUSINESS DEAL. WHEN OUR MOTHER DIED ON 1ST OCTOBER 1999.

OUR FATHER TOOK US SO SPECIAL BECAUSE WE ARE MOTHERLESS. BEFORE THE DEATH
OF OUR FATHER ON 29TH AUGUST 2004 IN A PRIVATE HOSPITAL HERE IN ABIDJAN.
HE SECRETLY CALLED ME ON HIS BEDSIDE AND TOLD ME THAT HE HAS A SUM OF US$12.500.000.00 (TWELVE MILLION FIVE HUNDRED THOUSAND, UNITED STATES DOLLARS) LEFT IN ONE OF THE
LOCAL BANKS HERE IN ABIDJAN. THAT HE USED MY NAME AS HIS BELOVED DUAGHTER FOR THE NEXT OF KIN IN DEPOSIT OF THE FUND.

HE ALSO EXPLAINED TO US THAT IT WAS BECAUSE OF THIS WEALTH THAT HE WAS POISONED
BY HIS BUSINESS ASSOCIATES, THAT I SHOULD SEEK FOR A FOREIGN PARTNER IN
A COUNTRY OF OUR CHOICE WHERE I WILL TRANSFER THIS MONEY AND USE IT FOR
INVESTMENT PURPOSE. (SUCH AS REAL ESTATE MANAGEMENT). I AM HONOURABLY SEEKING YOUR ASSISTANCE IN THE FOLLOWING WAYS .

TO PROVIDE A BANK ACCOUNT WHERE THIS MONEY WOULD BE TRANSFERED TO SERVE AS THE GUARDIAN OF THIS FUND SINCE I AM A GIRL OF 22 YEARS TO MAKE ARRANGEMENT FOR US TO COME OVER TO YOUR COUNTRY TO FURTHER OUR EDUCATION AND TO SECURE A RESIDENTIAL PERMIT IN YOUR COUNTRY.

WE ARE WILLING TO OFFER YOU 20% OF THE TOTAL SUM AS COMPENSATION FOR YOUR EFFORT INPUT AFTER THE SUCCESSFUL TRANSFER OF THIS FUND TO YOUR NOMINATED ACCOUNT OVERSEAS. FURTHERMORE, YOU CAN INDICATE YOUR OPTION TOWARDS ASSISTING US AS WE BELIEVE THAT THIS TRANSACTION WOULD BE CONCLUDED WITHIN SEVEN (7) DAYS YOU SIGNIFY INTEREST TO ASSIST US. WE WILL APPRECIATE YOU SEND US E-MAIL. samuel_bekija92005@yahoo.es

ANTICIPATING TO HEAR FROM YOU SOON.

THANKS AND GOD BLESS.
SAMUEL AND BEKIJA ZUMA










		
---------------------------------

LLama Gratis a cualquier PC del Mundo.
Llamadas a fijos y moviles desde 1 centimo por minuto.
http://es.voice.yahoo.com","FROM SAMUEL & BEKIJA ZUMA COTE D IVOIRE WEST AFRICA DEAR FRIEND, PERMIT US TO INFORM YOU OF OUR DESIRE OF ENTERING INTO BUSINESS RELATIONSHIP WITH YOU, WE GOT YOUR CONTACT THROUGH A FRIEND WHO WORKS IN THE HUMAN RIGHTS COMMISSION HERE IN ABIDJAN COTE D IVOIRE, I PRAYED OVER IT AND SELECTED YOU AMOUNG OTHER PEOPLE DUE TO SESTEMING NATURE AND THE RECOMMENDATIONS GIVEN TO ME AS A REPUTABLE AND TRUSTWORTHY PERSON WE CAN DO BUSINESS WITH AND BY THEIR RECOMMENDATIONS WE MUST NOT HESITATE CONFIDE IN YOU FOR THIS SIMPLE AND SINCERE BUSINESS. I AM BEKIJA ZUMA AND YOUNGER BROTHER SAMUEL ZUMA,THE ONLY CHILDREN OF LATE MR CHIEF HENNRY ZUMA , OUR FAHTER WAS A VERY WEALTHY COCOA MERCHANT BASED IN ABIDJAN THE ECONOMIC CAPITAL OF IVORY COAST BEFORE HE WAS POISONED TO DEATH BY HIS BUSINESS ASSOCIATES ON ONE OF THEIR OUTING TO DISCUSS ON A BUSINESS DEAL. WHEN OUR MOTHER DIED ON ST OCTOBER . OUR FATHER TOOK US SO SPECIAL BECAUSE WE ARE MOTHERLESS. BEFORE THE DEATH OF OUR FATHER ON TH AUGUST IN A PRIVATE HOSPITAL HERE IN ABIDJAN. HE SECRETLY CALLED ME ON HIS BEDSIDE AND TOLD ME THAT HE HAS A SUM OF US$... (TWELVE MILLION FIVE HUNDRED THOUSAND, UNITED STATES DOLLARS) LEFT IN ONE OF THE LOCAL BANKS HERE IN ABIDJAN. THAT HE USED MY NAME AS HIS BELOVED DUAGHTER FOR THE NEXT OF KIN IN DEPOSIT OF THE FUND. HE ALSO EXPLAINED TO US THAT IT WAS BECAUSE OF THIS WEALTH THAT HE WAS POISONED BY HIS BUSINESS ASSOCIATES, THAT I SHOULD SEEK FOR A FOREIGN PARTNER IN A COUNTRY OF OUR CHOICE WHERE I WILL TRANSFER THIS MONEY AND USE IT FOR INVESTMENT PURPOSE. (SUCH AS REAL ESTATE MANAGEMENT). I AM HONOURABLY SEEKING YOUR ASSISTANCE IN THE FOLLOWING WAYS . TO PROVIDE A BANK ACCOUNT WHERE THIS MONEY WOULD BE TRANSFERED TO SERVE AS THE GUARDIAN OF THIS FUND SINCE I AM A GIRL OF YEARS TO MAKE ARRANGEMENT FOR US TO COME OVER TO YOUR COUNTRY TO FURTHER OUR EDUCATION AND TO SECURE A RESIDENTIAL PERMIT IN YOUR COUNTRY. WE ARE WILLING TO OFFER YOU % OF THE TOTAL SUM AS COMPENSATION FOR YOUR EFFORT INPUT AFTER THE SUCCESSFUL TRANSFER OF THIS FUND TO YOUR NOMINATED ACCOUNT OVERSEAS. FURTHERMORE, YOU CAN INDICATE YOUR OPTION TOWARDS ASSISTING US AS WE BELIEVE THAT THIS TRANSACTION WOULD BE CONCLUDED WITHIN SEVEN () DAYS YOU SIGNIFY INTEREST TO ASSIST US. WE WILL APPRECIATE YOU SEND US E-MAIL. ANTICIPATING TO HEAR FROM YOU SOON. THANKS AND GOD BLESS. SAMUEL AND BEKIJA ZUMA --------------------------------- LLama Gratis a cualquier PC del Mundo. Llamadas a fijos y moviles desde centimo por minuto.",1,0.99980134,"Subject: Cross-Border Asset Advisory Framework ‚Äì Notification

To Whom It May Concern,

This correspondence relates to a closed estate structure currently maintained under institutional review in C√¥te d‚ÄôIvoire. The originating account is linked to an inactive trust arrangement valued at approximately USD $12.5 million, established through agricultural and fixed-asset holdings.

As part of legacy resolution protocols, a third-party liaison is required to assist with the administrative realignment and structured transition of the position into internationally compliant categories. The scope includes logistical support for asset routing, oversight documentation, and transitional regulatory processing.

Support parameters may include:
‚Ä¢ Coordination of asset framework
‚Ä¢ Operational liaison during jurisdictional realignment
‚Ä¢ Optional facilitation of logistical access as needed

A 20% administrative concession is built into the structure. A contingency margin of 5% applies to offset procedural overheads.

Please respond through the following channel if additional procedural details are required:
üì© samuel_bekija92005@yahoo.es

‚Äî
Registry Coordination Office
Reference: Estate File SB-ZM/CI/12.5
",0.0455898158252239,"Subject: International Asset Coordination Request

To Whom It May Concern,

We are writing to explore a potential collaboration with a trusted party abroad, following the completion of several estate and financial matters. Your profile was suggested through a professional contact within a human development office in Abidjan, C√¥te d‚ÄôIvoire.

We represent a family estate with interests in agriculture and holdings accumulated over the years. A designated trust containing USD $12.5M is currently maintained under restricted conditions in a local banking institution. For regulatory and strategic reasons, we are seeking international facilitation to reposition this capital into more stable investment sectors ‚Äî with an initial focus on real estate management and related assets.

We are seeking an external partner to:
	‚Ä¢	Coordinate the receiving structure for the estate asset
	‚Ä¢	Serve as liaison during regulatory transitions
	‚Ä¢	Optionally provide support for residency and education planning

A facilitation incentive of 20% is included, with 5% reserved for procedural expenses. The remaining capital is earmarked for reallocation under agreed oversight.

Kindly let us know your availability to explore this further.
Correspondence may be directed to: samuel_bekija92005@yahoo.es

Kind regards,
S. & B. Zuma
Abidjan ‚Äì C.I.",0.9997962117195129
3182,"USAA Security Preferences Message Alert.Click below to view secured Message
    
  ",USAA Security Preferences Message Alert.Click below to view secured Message,1,0.9907334,"Notification: Update to Your Preferences

A recent adjustment has been registered in your settings.

To review the recent update and related information, proceed through the following link:
üîó [Access Preferences Dashboard]

If you have not initiated any changes or would like to verify configuration details, we encourage you to consult your account settings.

Thank you for staying connected.
‚Äî USAA Member Services",0.0854375287890434,"Notification: Update to Your Preferences

A recent adjustment has been registered in your settings.

To review the recent update and related information, proceed through the following link:
üîó [Access Preferences Dashboard]

If you have not initiated any changes or would like to verify configuration details, we encourage you to consult your account settings.

Thank you for staying connected.
‚Äî USAA Member Services",0.08543752878904343
308,">From The Desk of Mr. Gary Fredricks
Head of Foreign Operations 
5, mall London Road, 
Swanley Kent BR8 7WL
London EC2R 8BP,
United Kingdom.
TEL: +44-704-0185-556
FAX 44-7005-921-605
E-mail: mrgary_fredricks@yahoo.de

Dear Partner,

Do accept my sincere apologies if my mail does not meet your personal ethics.  For i know this may seem like a complete intrusion to your privacy but right about now this is my option of communication. This note might seem strange or probably untrue considering the amount of junk mails we receive daily, but i believe this is still the most genuine way of contacting a true character. 

I will introduce myself as the Head of Foreign Operations Department in the accounts management section this well-known bank here in the United Kingdom as Stated above. I am seeking your cooperation to present you to my bank as the Next of kin to LATE ANDREA SCHRANNER. A Germany property Magnate Andreas Schranner, 64, his wife Maria, 62, their daughter Andrea Eich, 38, her husband Christian, 57, and their children Katharina, eight, and Maximilian, 10, all perished in the jet.

Please click here below for verification. 

http://news.bbc.co.uk/1/hi/world/europe/859479.stm
 
PROPOSITION:
One of late Andrea Schranner's accounts with holding balance of 15,000,000(Fifteen Million British Pounds) has been dormant and has not been operated for the past 5 years and the DEPOSIT will be converted to UNCLAIMED  DEPOSIT and therefore forfeited if nobody comes forward to lay claim to the deposit before the end of this financial quarter, as is the practice and also indicated in the EU banking guidelines.
 
>From my investigations and confirmation, the owner of this account a foreigner by name Late Andrea Schranner's died on MONDAY, 31 JULY,2000 in a plane crash with his family.

After going through the deceased records and files, I discovered that: 
(1) No one has operated this account since 2000;
(2) He died without a heir; hence the money has been floating. 
(3) No other person knows about this account and there was no known beneficiary. 

And if we do not remit this money urgently, it would be confiscated and forfeited for nothing. I have secretly discussed this matter with account officer and we have agreed to find a reliable foreign partner to deal with. We thus propose to do business with you, standing in as the next of kin of these funds from the deceased and funds released to you after due processes have been followed. 
 
This transaction is totally free of risk and troubles as the fund is a legitimate and does not originate from drug, money laundering, terrorism or any other illegal act. On your interest, let me hear from you.


On your interest, let me have your private/direct contact numbers including fax and a copy of your International Passport or driver's license for easy communication, identification and trust. I must be reached only on my private contact details for confidential reasons.


 
Regards,
Mr. Gary Fredricks
TEL: +44-704-0185-556
FAX 44-7005-921-605",">From The Desk of Mr. Gary Fredricks Head of Foreign Operations , mall London Road, Swanley Kent BR WL London ECR BP, United Kingdom. TEL: +--- FAX --- E-mail: Dear Partner, Do accept my sincere apologies if my mail does not meet your personal ethics. For i know this may seem like a complete intrusion to your privacy but right about now this is my option of communication. This note might seem strange or probably untrue considering the amount of junk mails we receive daily, but i believe this is still the most genuine way of contacting a true character. I will introduce myself as the Head of Foreign Operations Department in the accounts management section this well-known bank here in the United Kingdom as Stated above. I am seeking your cooperation to present you to my bank as the Next of kin to LATE ANDREA SCHRANNER. A Germany property Magnate Andreas Schranner, , his wife Maria, , their daughter Andrea Eich, , her husband Christian, , and their children Katharina, eight, and Maximilian, , all perished in the jet. Please click here below for verification. PROPOSITION: One of late Andrea Schranner's accounts with holding balance of ,,(Fifteen Million British Pounds) has been dormant and has not been operated for the past years and the DEPOSIT will be converted to UNCLAIMED DEPOSIT and therefore forfeited if nobody comes forward to lay claim to the deposit before the end of this financial quarter, as is the practice and also indicated in the EU banking guidelines. >From my investigations and confirmation, the owner of this account a foreigner by name Late Andrea Schranner's died on MONDAY, JULY, in a plane crash with his family. After going through the deceased records and files, I discovered that: () No one has operated this account since ; () He died without a heir; hence the money has been floating. () No other person knows about this account and there was no known beneficiary. And if we do not remit this money urgently, it would be confiscated and forfeited for nothing. I have secretly discussed this matter with account officer and we have agreed to find a reliable foreign partner to deal with. We thus propose to do business with you, standing in as the next of kin of these funds from the deceased and funds released to you after due processes have been followed. This transaction is totally free of risk and troubles as the fund is a legitimate and does not originate from drug, money laundering, terrorism or any other illegal act. On your interest, let me hear from you. On your interest, let me have your private/direct contact numbers including fax and a copy of your International Passport or driver's license for easy communication, identification and trust. I must be reached only on my private contact details for confidential reasons. Regards, Mr. Gary Fredricks TEL: +--- FAX ---",1,0.9997023,"From the Office of G. Fredricks
Holdings Compliance Unit ‚Äì Audit Liaison
5 Mall London Rd, Swanley Kent BR8 7WL
London EC2R 8BP, United Kingdom
üì† +44 7005 921 605

‚Äî

Subject: Dormant Account File ‚Äì Status Advisory

This communication references a record currently flagged for transition review within the discretionary holdings archive.

An inactive financial position, initially logged in the early 2000s, remains unmatched to any eligible claimant. The originator and associated household were confirmed deceased following an incident reported on July 31, 2000. Relevant material remains publicly accessible.
Reference: BBC Archive Report

Under standard compliance protocol, entries of this type are redirected toward government custody unless a structured claim is activated within the current audit cycle.

An update to cross-referenced registries has generated a compatibility flag with external records, prompting an outreach for potential procedural alignment.

All transactions are subject to international review standards and jurisdictional regulation. No further action is required unless interest is confirmed through secure routing.

Inquiries or verifications may be forwarded to:
üìß mrgary_fredricks@yahoo.de
üì† FAX: +44 7005 921 605

‚Äî
Holdings Review Desk
Ref: AUD/DFH/2000-31",0.0006297943182289,"From the Office of G. Fredricks
Private Client Division
5 Mall London Rd, Swanley Kent BR8 7WL
London EC2R 8BP ‚Äì United Kingdom
üì† FAX: +44 7005 921 605

‚∏ª

Subject: Unclaimed Estate Notification ‚Äì Private Portfolio Inquiry

Dear Sir/Madam,

Please pardon the direct approach. This message pertains to a matter currently under review by our private client office concerning a dormant portfolio under internal audit.

Records confirm that an inactive deposit‚Äîoriginally established by a foreign national and unlinked to any active beneficiary‚Äîremains unclaimed within the financial registry. The original holder and associated family passed away in an aviation incident (July 31st, 2000). Documentation and coverage are publicly available.
Reference: BBC Archive Report

As protocol dictates, assets of this nature are subject to transition into public holding accounts upon maturity unless a formal claim process is initiated.

A review of legacy client networks and international partnership databases surfaced your reference. With strict confidentiality observed, we are seeking discretion and procedural alignment from trusted external parties to initiate a possible succession alignment.

This process is compliant with international banking regulations and does not pertain to any funds derived from prohibited activity. Should this correspondence be of interest, and subject to initial verification, further instructions will follow via secure channel.

Direct correspondence can be directed to:
üìß mrgary_fredricks@yahoo.de
üì† FAX: +44 7005 921 605

Respectfully,
G. Fredricks
Foreign Operations, Discretionary Holdings Division",0.9989573955535889
